claim_id,value,strength,quadrant,carries,cites,rests_on,depth,genesis,v1_structural,v2_semantic,v3_falsifiable,v4_foundation,v5_external,value_floored,external_question,lean_status,release_status,book,lean_module
D0-M1-PREDICATE-001,75.9,100,FRONT-DOOR,21,1,0,0,True,18.2,16.7,9.0,12.0,20.0,,"Can a physical theory be axiomatised on minimum description length instead of on operational postulates (tomographic locality, continuity)? M1=MDL is a distinct entry point to the same target as the operational reconstructions.",LEAN_PROVED,CORE-FORMALIZED,BOOK_00/05,D0.Foundation.M1Predicate
D0-PHI-HURWITZ-001,64.6,100,FRONT-DOOR,14,0,0,0,True,16.0,12.7,4.0,12.0,20.0,,"Why phi and not another constant? Hurwitz extremality (phi is the irrational maximally resistant to rational approximation, at every truncation depth) is the arithmetic content that makes the choice non-aesthetic.",LEAN_PROVED,CORE-FORMALIZED,BOOK_01/02,D0.NumberTheory.HurwitzMinimaxPhi
D0-FOUND-001,60.4,100,FRONT-DOOR,115,3,0,0,True,28.0,11.4,9.0,12.0,0.0,,,LEAN_PROVED,CORE-FORMALIZED,BOOK_01/02,D0.Core.Phi
D0-P-INVARIANT-MINIMAL-001,60.1,45,ATTACK-QUEUE,2,37,0,0,True,27.8,16.3,13.0,3.0,0.0,,,LEAN_PROVED,PROOF-TARGET,BOOK_01,D0.Foundation.InvariantMinimal
D0-HIGGS-PHASON-ORBIT-TRIVIAL-NOGO-001,57.5,100,FRONT-DOOR,7,3,1,1,False,12.2,20.0,20.0,5.2,0.0,,,LEAN_PROVED,NO-GO,BOOK_04,D0.Matter.HiggsPhasonOrbitNoGo
D0-SIGNATURE-31-SPLIT-001,57.3,100,FRONT-DOOR,13,4,1,1,False,15.5,11.8,4.0,6.0,20.0,,"Where does Lorentzian signature come from in a pregeometric/discrete setting? Recovering (3,1) rather than assuming it is an open problem shared by causal sets, CDT and spin foams.",LEAN_PROVED,CORE-FORMALIZED,BOOK_06/07,D0.Claims.Signature31Split
D0-Q8-DEDEKIND-MINIMALITY-001,56.1,100,FRONT-DOOR,2,5,0,0,True,13.7,13.0,13.0,3.0,13.4,,"Q8 is a forced FACTOR of every Hamiltonian group (Dedekind-Baer), not merely the smallest example found by search - so the role algebra is pinned by a classification theorem, not by a scan.",LEAN_PROVED,CORE-FORMALIZED,BOOK_01,D0.Claims.Q8DedekindMinimality
D0-PHASON-WZ-KERNEL-ONLY-NOGO-001,54.9,100,FRONT-DOOR,0,6,0,0,True,14.9,20.0,20.0,0.0,0.0,,,LEAN_PROVED,NO-GO,BOOK_08,D0.Cosmology.PhasonWZTransfer
D0-ALPHA-PRESENT-CORE-MAXIMALITY-NOGO-001,54.9,100,FRONT-DOOR,6,6,3,3,False,14.9,17.8,20.0,2.2,0.0,,,LEAN_PROVED,NO-GO,BOOK_03,D0.Spectral.AlphaPresentCoreMaximalityNoGo
D0-BORN-QUADRATIC-ORIGIN-001,54.6,100,FRONT-DOOR,3,2,1,1,False,8.4,20.0,4.0,2.2,20.0,,Why is the measurement response quadratic in the amplitude rather than any other power? The origin of the square is a standing question independent of normalisation.,LEAN_PROVED,CORE-FORMALIZED,BOOK_01/02,D0.Core.BornQuadraticOrigin
D0-LEPTON-PUISEUX-UNIQUENESS-OBSTRUCTION-001,54.6,100,FRONT-DOOR,0,8,2,2,False,16.8,17.8,20.0,0.0,0.0,,,LEAN_PROVED,NO-GO,BOOK_04,D0.Matter.LeptonPuiseuxUniquenessObstruction
D0-POSTCORE-REPRESENTATION-EXTENSION-NOGO-001,54.6,100,FRONT-DOOR,9,2,0,0,True,13.6,9.0,20.0,12.0,0.0,,,LEAN_PROVED,NO-GO,BOOK_04,D0.Extensions.RepresentationReadoutExtension
D0-CASCADE-INSUFFICIENCY-CHAIN-001,54.5,5,ATTACK-QUEUE,2,9,5,2,False,17.6,15.9,0.0,1.0,20.0,,"Can the structure of a physical theory be DERIVED as a chain of insufficiencies -- each level forced because the previous provably fails a named distinguishability obligation -- rather than posited? This is the claim by which an outside reader would judge the whole programme, and it is the standing answer to the objection that D0's root is verbal.",OPEN,PROOF-TARGET,BOOK_01,D0.Foundation.CascadeChain
D0-EQUIVARIANT-SEAM-NOGO-001,54.3,100,FRONT-DOOR,5,0,1,1,False,10.6,20.0,20.0,3.8,0.0,,,LEAN_PROVED,NO-GO,BOOK_02,D0.Synthesis.EquivariantSeamNoGo
D0-PISOT-CONTRACTION-TIME-ARROW-001,54.2,100,FRONT-DOOR,25,0,1,1,False,19.2,9.0,0.0,6.0,20.0,,The thermodynamic arrow of time normally requires an independent low-entropy past hypothesis. Deriving monotonicity from spectral decay of a finite operator removes that separate postulate.,LEAN_PROVED,CORE-FORMALIZED,BOOK_06,D0.Dynamics.PisotContraction
D0-SCENE-NATIVE-MULTISCALE-TOWER-NOGO-001,54.0,100,FRONT-DOOR,13,4,1,1,False,15.5,12.4,20.0,6.0,0.0,,,LEAN_PROVED,NO-GO,BOOK_07,D0.Spectral.SceneNativeMultiscaleTower
D0-LEPTON-BRANCH-SELECTOR-MAXIMALITY-NOGO-001,53.7,100,FRONT-DOOR,0,5,0,0,True,13.7,20.0,20.0,0.0,0.0,,,LEAN_PROVED,NO-GO,BOOK_04,D0.Matter.LeptonBranchAssignmentNoGo
D0-ALPHA-LOG-CESARO-MEASURABILITY-NOGO-001,53.1,70,FRONT-DOOR,5,2,2,2,False,10.6,20.0,20.0,2.5,0.0,,,LEAN_PROVED_WITH_BRIDGE_ASSUMPTIONS,NO-GO,BOOK_02,D0.Spectral.AlphaLogCesaroMeasurability
D0-DSIGMA-ROLE-CYCLE-CARRIER-CANONICAL-NOGO-001,52.2,100,FRONT-DOOR,0,7,0,0,True,15.9,16.3,20.0,0.0,0.0,,,LEAN_PROVED,NO-GO,BOOK_04,D0.Matter.DSigmaRoleCycleCarrierNoGo
D0-TORAL-AUTOMORPHISM-GALOIS-BALANCE-001,51.6,100,FRONT-DOOR,41,1,0,0,True,22.0,13.6,4.0,12.0,0.0,,,LEAN_PROVED,CORE-FORMALIZED,BOOK_03/06/07/08,D0.Dynamics.ToralAutomorphism;D0.Dynamics.GaloisConjugateBalance;D0.Dynamics.DarkSectorCoarseGrain
D0-HIGGS-CONDENSATION-PRESENT-CORE-MAXIMALITY-NOGO-001,51.6,100,FRONT-DOOR,6,4,2,2,False,12.3,16.3,20.0,3.0,0.0,,,LEAN_PROVED,NO-GO,BOOK_04,D0.Matter.HiggsCondensationPresentCoreMaximalityNoGo
D0-PHASON-MAGNITUDE-MAXIMALITY-NOGO-001,51.4,100,FRONT-DOOR,2,7,2,2,False,15.9,14.5,20.0,1.0,0.0,,,LEAN_PROVED,NO-GO,BOOK_08,D0.Cosmology.PhasonMagnitudeMaximalityNoGo
D0-EXTERNAL-DIXMIER-WODZICKI-PASSPORT-001,50.3,55,FRONT-DOOR,0,4,0,0,True,12.3,20.0,18.0,0.0,0.0,,,PYTHON_CERTIFIED,PASSPORT-CLOSED,BOOK_03,D0.Bridge.DixmierTraceBridge
D0-SYMPLECTIC-GLEASON-001,50.0,100,FRONT-DOOR,0,1,1,1,False,5.3,11.7,13.0,0.0,20.0,,"Gleason's theorem requires dim>=3; in dim 2 the Born rule is NOT derivable from frame functions. The 2D case is a named open loophole, closed in the literature only by moving to POVMs.",LEAN_PROVED,CORE-FORMALIZED,BOOK_01,D0.Synthesis.CarrierForcing
D0-ALPHA-PROFINITE-TOWER-NOGO-001,48.9,100,FRONT-DOOR,7,5,2,2,False,13.7,11.8,20.0,3.5,0.0,,,LEAN_PROVED,NO-GO,BOOK_03,D0.Spectral.AlphaProfiniteTowerNoGo
D0-COSMO-HOMOGENEOUS-FIXED-POINT-001,48.7,100,FRONT-DOOR,16,0,0,0,True,16.7,20.0,0.0,12.0,0.0,,,LEAN_PROVED,CORE-FORMALIZED,BOOK_08,D0.Cosmology.ArchiveHomogeneousState
D0-TORUS-CORE13-GEOMETRY-001,48.6,100,FRONT-DOOR,10,2,0,0,True,14.1,18.4,4.0,12.0,0.0,,,LEAN_PROVED,CORE-FORMALIZED,BOOK_02/03,D0.Geometry.TorusCore13GeometryOrigin
D0-REHEATING-NO-INFLATON-NOGO-001,48.4,100,FRONT-DOOR,0,2,2,2,False,8.4,20.0,20.0,0.0,0.0,,,LEAN_PROVED,NO-GO,BOOK_08,D0.Cosmology.InflationlessThresholdEnergyOwner
D0-ARCHIVE-TOWER-001,48.2,100,FRONT-DOOR,20,2,0,0,True,17.9,18.3,0.0,12.0,0.0,,,LEAN_PROVED,CORE-FORMALIZED,BOOK_06/07,D0.Geometry.ArchiveRefinementTower
D0-CVFT-F1,48.2,70,FRONT-DOOR,6,0,1,1,False,11.5,17.2,15.0,4.5,0.0,,,LEAN_PROVED_WITH_BRIDGE_ASSUMPTIONS,NO-GO,BOOK_02/04/08,D0.Spectral.DeltaAlphaResidueBlocked
D0-ISING-ANYON-EXCLUSION-001,48.0,100,FRONT-DOOR,0,3,2,1,False,10.6,9.0,15.0,0.0,13.4,,"The companion exclusion: Ising is ruled out by its extra fermion, so the phi-route is not one choice among several.",LEAN_PROVED,NO-GO,BOOK_01,D0.Geometry.FibonacciAnyonUniqueness
D0-DIXMIER-RESIDUE-OWNER-001,48.0,70,FRONT-DOOR,0,22,0,0,True,24.0,20.0,4.0,0.0,0.0,,,LEAN_PROVED_WITH_BRIDGE_ASSUMPTIONS,BRIDGE-ASSUMPTIONS-EXPLICIT,BOOK_02,D0.Bridge.DixmierTraceBridge
D0-FIBONACCI-ANYON-UNIQUENESS-001,47.7,100,FRONT-DOOR,0,4,2,1,False,12.3,9.0,13.0,0.0,13.4,,"The Fibonacci category is the unique fusion category with two simple objects and non-trivial self-fusion (Ostrik), giving d=phi independently of the detector argument.",LEAN_PROVED,CERT-CLOSED,BOOK_01,D0.Geometry.FibonacciAnyonUniqueness
D0-CANONICAL-WITHIN-ZONE-SELECTOR-M1-NOGO-001,47.6,100,FRONT-DOOR,0,5,0,0,True,13.7,13.9,20.0,0.0,0.0,,,LEAN_PROVED,NO-GO,BOOK_01,D0.Foundation.CanonicalSelectorNoGo
D0-REPRESENTATION-RECONSTRUCTION-MAXIMALITY-NOGO-001,47.3,100,FRONT-DOOR,4,4,0,0,True,12.3,9.0,20.0,6.0,0.0,,,LEAN_PROVED,NO-GO,BOOK_04,D0.Representation.FinitePathRepresentation
D0-SM-HYPERCHARGE-MINIMAL-DENOMINATOR-001,47.1,100,FRONT-DOOR,0,7,0,0,True,15.9,18.2,13.0,0.0,0.0,,,LEAN_PROVED,CERT-CLOSED,BOOK_04,D0.Matter.HyperchargeMinimalDenominator
D0-TORAL-SEED-MARKOV-MAXIMALITY-NOGO-001,47.1,100,FRONT-DOOR,2,4,0,0,True,12.3,11.8,20.0,3.0,0.0,,,LEAN_PROVED,NO-GO,BOOK_06,D0.Geometry.ToralSeedMarkovMaximalityNoGo
D0-SCENE-DARK-ARCHIVE-STRUCTURE-001,47.1,100,FRONT-DOOR,12,1,0,0,True,15.1,20.0,0.0,12.0,0.0,,,LEAN_PROVED,CORE-FORMALIZED,BOOK_04,D0.Spectral.DarkArchiveStructure
D0-ADLER-WEISS-PARTITION-OWNER-001,46.9,70,FRONT-DOOR,0,19,0,0,True,22.9,20.0,4.0,0.0,0.0,,,LEAN_PROVED_WITH_BRIDGE_ASSUMPTIONS,BRIDGE-ASSUMPTIONS-EXPLICIT,BOOK_06,D0.Bridge.AdlerWeissBridge
D0-ARCHIVE-FIELD-EQ-001,46.7,100,FRONT-DOOR,7,0,0,0,True,12.2,20.0,4.0,10.5,0.0,,,LEAN_PROVED,CORE-FORMALIZED,BOOK_07,D0.Geometry.ArchiveFieldEquation
D0-POSTCORE-PHASON-EXTENSION-MAXIMALITY-NOGO-001,46.6,100,FRONT-DOOR,9,1,2,2,False,13.6,9.0,20.0,4.0,0.0,,,LEAN_PROVED,NO-GO,BOOK_08,D0.Extensions.ArchiveCoordinateExtension
D0-ARCHIVE-CONTRACTION-NOGO-001,46.5,100,FRONT-DOOR,2,4,1,1,False,12.3,12.7,20.0,1.5,0.0,,,LEAN_PROVED,NO-GO,BOOK_08,D0.Cosmology.ArchiveContractionCriterion
D0-BRANCH-SYMPLECTIC-FORCING-001,46.2,100,FRONT-DOOR,0,0,0,0,True,0.0,17.2,9.0,0.0,20.0,,"Linearity of quantum superposition is a POSTULATE in every standard axiomatisation. Deriving it from a no-external-catalogue requirement would remove a postulate, not restate it.",LEAN_PROVED,CORE-FORMALIZED,BOOK_01,D0.Foundation.BranchSymplecticForcing
D0-NO-GO-EDGE-STIFFNESS-SCALAR-LEAKAGE-001,46.0,100,FRONT-DOOR,3,0,2,2,False,8.2,16.3,20.0,1.5,0.0,,,LEAN_PROVED,NO-GO,BOOK_08,D0.Geometry.EdgeStiffnessOrigin
D0-AF-REDUCTION-EXHAUSTION-001,45.9,100,FRONT-DOOR,0,3,3,2,False,10.6,15.3,20.0,0.0,0.0,,,LEAN_PROVED,NO-GO,BOOK_02,D0.VNext.AFReductionExhaustion
D0-VNEXT2-SCENE-NATIVE-REFINEMENT-NOGO-001,45.8,100,FRONT-DOOR,0,8,1,1,False,16.8,9.0,20.0,0.0,0.0,,,LEAN_PROVED,NO-GO,BOOK_02,D0.VNext2.SceneNativeRefinementClassification
D0-ADMISSIBLE-COMPARISON-GRAMMAR-BOUNDARY-001,45.6,100,FRONT-DOOR,1,2,6,4,False,8.4,16.9,20.0,0.3,0.0,,,LEAN_PROVED,NO-GO,BOOK_00/01,D0.Foundation.AdmissibleComparisonGrammar
D0-P-M1-SATURATION-001,45.5,45,ATTACK-QUEUE,1,7,8,4,False,15.9,16.3,13.0,0.3,0.0,,,LEAN_PROVED,PROOF-TARGET,BOOK_01,D0.Foundation.M1CoreSaturation
D0-GAP-E-PORT-EXHAUSTION-001,45.5,45,ATTACK-QUEUE,0,5,6,4,False,13.7,18.8,13.0,0.0,0.0,,,LEAN_PROVED,PROOF-TARGET,BOOK_01,D0.Tower.PortPowerExhaustion
D0-TOWER-STOP-NOEXT-001,45.5,5,ATTACK-QUEUE,7,6,3,2,False,14.9,14.1,13.0,3.5,0.0,,,OPEN,PROOF-TARGET,BOOK_05,D0.Tower.NoExtension;D0.Tower.NoExtensionBoundary
D0-PHASON-PRESSURE-ENERGY-MAXIMALITY-NOGO-001,45.1,100,FRONT-DOOR,0,3,3,3,False,10.6,14.5,20.0,0.0,0.0,,,LEAN_PROVED,NO-GO,BOOK_08,D0.Extensions.ArchiveCommonSectorConstruction
D0-TRANSPORT-FIELD-NO-GOLDEN-001,45.1,100,FRONT-DOOR,0,3,9,3,False,10.6,14.5,20.0,0.0,0.0,,,LEAN_PROVED,NO-GO,BOOK_02,D0.Synthesis.TransportFieldNoGolden
D0-POSTCORE-HISTORY-REFINEMENT-MAXIMALITY-NOGO-001,44.7,100,FRONT-DOOR,6,1,2,2,False,11.5,17.2,13.0,3.0,0.0,,,LEAN_PROVED,CORE_BRIDGE_SPLIT,BOOK_07,D0.Extensions.SceneHistoryRefinementExtension
D0-RAW-SCENE-GRAPH-001,44.7,100,FRONT-DOOR,9,3,0,0,True,13.6,15.1,4.0,12.0,0.0,,,LEAN_PROVED,CERT-CLOSED,BOOK_00,D0.SelfReading.RawSceneGraph
D0-PHASON-WZ-TRANSFER-OWNER-001,44.4,100,FRONT-DOOR,0,6,3,3,False,14.9,14.5,15.0,0.0,0.0,,,LEAN_PROVED,NO-GO,BOOK_08,D0.Extensions.ArchiveCommonSectorConstruction
D0-REPEATED-ZONE-M1-NOGO-001,44.2,100,FRONT-DOOR,2,0,3,2,False,6.5,16.7,20.0,1.0,0.0,,,LEAN_PROVED,NO-GO,BOOK_05,D0.Tower.NoExtensionBoundary
D0-DEGREE2-VALUE-EXHAUSTION-NOGO-001,44.2,100,FRONT-DOOR,2,0,3,2,False,6.5,16.7,20.0,1.0,0.0,,,LEAN_PROVED,NO-GO,BOOK_05,D0.Tower.NoExtensionBoundary
D0-P-DEGREE2-EXHAUSTION-001,44.2,5,ATTACK-QUEUE,6,6,3,2,False,14.9,13.3,13.0,3.0,0.0,,,OPEN,PROOF-TARGET,BOOK_00/01,D0.Tower.NoExtension;D0.Tower.DetectionQuadratic;D0.Tower.NoExtensionBoundary
D0-TIME-2D-PISOT-001,44.1,100,FRONT-DOOR,2,5,1,1,False,13.7,11.5,4.0,1.5,13.4,,"The time layer is 2-dimensional because deg Q(phi)=2, and a smooth Markov partition of a toral automorphism exists iff the spectrum is Pisot - so 2 is the only pathology-free choice.",LEAN_PROVED,CORE-FORMALIZED,BOOK_06,D0.Claims.Time2DPisot
D0-CMB-NS-SMOOTHING-UNDETERMINED-NOGO-001,44.1,100,FRONT-DOOR,3,3,0,0,True,10.6,9.0,20.0,4.5,0.0,,,LEAN_PROVED,NO-GO,BOOK_08,D0.Cosmology.CMBNsSmoothingUndeterminedNoGo
D0-GENERAL-COMPARISON-CAPABILITY-COUNT-001,43.9,100,FRONT-DOOR,3,2,0,0,True,8.4,20.0,11.0,4.5,0.0,,,LEAN_PROVED,NO-GO,BOOK_00/01,D0.Foundation.GeneralComparisonGrammar
D0-BRIDGE-SI-CALIBRATION-CLOSURE-001,43.5,100,FRONT-DOOR,2,0,0,0,True,6.5,20.0,14.0,3.0,0.0,,,LEAN_PROVED,BRIDGE-CALIBRATION,BOOK_08,D0.Bridge.SICalibrationClosure
D0-INFORMATION-QUASICRYSTAL-PHASE-UNFOLDING-001,43.1,100,FRONT-DOOR,12,0,2,1,False,15.1,9.0,13.0,6.0,0.0,,,LEAN_PROVED,CORE-FORMALIZED,BOOK_00/01/06/07/08,D0.Geometry.HurwitzRigidPhaseGenerator;D0.Geometry.PhaseReturnBranchCount;D0.Geometry.PhaseUnfoldingQuasicrystal
D0-CMB-CANONICAL-SMOOTHING-MAXIMALITY-NOGO-001,42.8,100,FRONT-DOOR,2,4,1,1,False,12.3,9.0,20.0,1.5,0.0,,,LEAN_PROVED,NO-GO,BOOK_08,D0.Cosmology.CMBCanonicalSmoothingMaximalityNoGo
D0-CKM-OVERLAP-UNDERDETERMINATION-NOGO-001,42.6,100,FRONT-DOOR,2,3,0,0,True,10.6,9.0,20.0,3.0,0.0,,,LEAN_PROVED,NO-GO,BOOK_04,D0.Matter.CKMOverlapUnderdeterminationNoGo
D0-P-SUBCRIT-001,42.6,100,FRONT-DOOR,0,4,8,4,False,12.3,17.2,13.0,0.0,0.0,,,LEAN_PROVED,CORE-FORMALIZED,BOOK_02,D0.Foundation.M1CoreSaturation;D0.Spectral.SubcriticalTraceClass
D0-RANK3-CAUSAL-CONE-FORCING-001,42.5,100,FRONT-DOOR,0,8,3,3,False,16.8,12.7,13.0,0.0,0.0,,,LEAN_PROVED,CORE_BRIDGE_SPLIT,BOOK_07,D0.Synthesis.RankCausalConeForcing
D0-ALPHA-HOLONOMY-002,42.4,55,FRONT-DOOR,0,11,0,,,19.0,6.0,4.0,0.0,13.4,,"A parameter-free expression for the fine-structure constant. External interest is maximal and the leading term is structurally rare; the 9-digit VALUE remains a consequence-grade check, not a derivation - weight is set at 2 for that reason.",PYTHON_CERTIFIED,CERT-CLOSED,BOOK_02,
D0-COSMO-ENTROPY-FLOW-FIXED-POINT-001,42.3,100,FRONT-DOOR,15,0,1,1,False,16.3,20.0,0.0,6.0,0.0,,,LEAN_PROVED,CORE-FORMALIZED,BOOK_08,D0.Cosmology.EntropyArchiveFlow
D0-LEPTON-BRANCH-FIXING-OPERATOR-OWNER-001,42.2,100,FRONT-DOOR,0,1,3,3,False,5.3,16.9,20.0,0.0,0.0,,,LEAN_PROVED,NO-GO,BOOK_04,D0.Extensions.LeptonBranchFixingNoGo
D0-NO-GO-ABSTRACT-LIERING-FINITE-TRANSFORM-001,42.1,100,FRONT-DOOR,1,0,1,1,False,4.1,17.2,20.0,0.8,0.0,,,LEAN_PROVED,NO-GO,BOOK_05/06,D0.Gauge.MatrixRepGaugeTransform
D0-GRAVITY-ENTROPIC-ARCHIVE-001,42.1,100,FRONT-DOOR,5,0,0,0,True,10.6,20.0,4.0,7.5,0.0,,,LEAN_PROVED,CORE-FORMALIZED,BOOK_07,D0.Gravity.EntropicArchiveInterface
D0-FOUND-004,42.1,100,FRONT-DOOR,5,0,0,0,True,10.6,20.0,4.0,7.5,0.0,,,LEAN_PROVED,CORE-FORMALIZED,BOOK_02,D0.Core.BornQuadraticResponse
D0-HYPERCHARGE-ANOMALY-VARIETY-2DIM-001,42.0,100,FRONT-DOOR,0,6,1,1,False,14.9,12.1,15.0,0.0,0.0,,,LEAN_PROVED,NO-GO,BOOK_04,D0.Matter.HyperchargeAnomalyVariety
D0-TRACE-HEAT-CAPACITY-GRAVITY-001,41.9,100,FRONT-DOOR,3,2,19,8,False,8.4,20.0,13.0,0.5,0.0,,,LEAN_PROVED,CORE_BRIDGE_SPLIT,BOOK_01/03/06/07/08,D0.Core.FixedDetectorTimeLadder;D0.Dynamics.TraceHeatCapacityGravity
D0-BARE-GRAPH-DECIMAL-NOGO-001,41.9,55,FRONT-DOOR,0,7,0,,,15.9,6.0,20.0,0.0,0.0,,,PYTHON_CERTIFIED,NO-GO,BOOK_04,
D0-RANK3-METRIC-TRANSPORT-001,41.7,100,FRONT-DOOR,0,2,0,0,True,8.4,15.9,4.0,0.0,13.4,,"A forced falsifier, now an IFF: the carrier-level spatial transport form is anisotropic EXACTLY when the zones are unequal (D0-TRIPARTITE-SIGNATURE-GENERAL-001 proves both directions, the converse via the AM-GM equality case). Observing an isotropic carrier form would require equal zones and would kill the scene. Planck-suppressed, but structurally a real and now two-sided prediction.",LEAN_PROVED,CORE-FORMALIZED,BOOK_07,D0.VNext2.Rank3MetricSignature
D0-SPECTRAL-EINSTEIN-001,41.6,100,FRONT-DOOR,0,9,0,0,True,17.6,20.0,4.0,0.0,0.0,,,LEAN_PROVED,CORE_BRIDGE_SPLIT,BOOK_07/08,D0.VNext2.SpectralEinsteinResponse
D0-EDGE-RAMIFICATION-001,41.4,100,FRONT-DOOR,3,9,0,0,True,17.6,15.3,4.0,4.5,0.0,,,LEAN_PROVED,CORE-FORMALIZED,BOOK_04,D0.Edge.RamificationFromUeEffCompanion
D0-HIGGS-SCALAR-PROJECTOR-CONSTRUCTIVE-001,41.3,100,FRONT-DOOR,1,2,0,0,True,8.4,18.4,13.0,1.5,0.0,,,LEAN_PROVED,CORE-FORMALIZED,BOOK_04,D0.Matter.HiggsScalarProjectorConstructive
D0-STATIC-TO-DYNAMICS-OWNER-001,40.8,100,FRONT-DOOR,0,8,10,4,False,16.8,20.0,4.0,0.0,0.0,,,LEAN_PROVED,CERT-CLOSED,BOOK_06,D0.Evolution.StaticToDynamicsOwner
D0-POSTCORE-LEPTON-SELECTOR-MAXIMALITY-NOGO-001,40.8,100,FRONT-DOOR,4,1,2,2,False,9.5,9.3,20.0,2.0,0.0,,,LEAN_PROVED,NO-GO,BOOK_04,D0.Extensions.LeptonSelectorExtension
D0-DIXMIER-FESHBACH-FINITE-HEATTRACE-001,40.7,100,FRONT-DOOR,0,4,0,0,True,12.3,13.4,15.0,0.0,0.0,,,LEAN_PROVED,NO-GO,BOOK_02,D0.Spectral.DixmierFeshbachFiniteHeatTrace
D0-ALPHA-PROFINITE-SPECTRAL-TOWER-OWNER-001,40.6,100,FRONT-DOOR,19,3,1,1,False,17.6,13.0,4.0,6.0,0.0,,,LEAN_PROVED,CERT-CLOSED,BOOK_03,D0.Spectral.AlphaProfiniteSpectralTower
D0-ARCHIVE-WEAK-FIELD-001,40.5,100,FRONT-DOOR,2,0,2,2,False,6.5,20.0,13.0,1.0,0.0,,,LEAN_PROVED,CORE-FORMALIZED,BOOK_07/08,D0.Geometry.ArchivePoissonEquation
D0-GEOM-HEAT-TRACE-A2-DECOMP-001,40.5,100,FRONT-DOOR,10,0,4,4,False,14.1,20.0,4.0,2.4,0.0,,,LEAN_PROVED,CORE-FORMALIZED,BOOK_08,D0.Geometry.HeatTraceA2Decomposition
D0-DETECTION-CAPABILITY-THIRD-HISTORY-NOGO-001,40.5,100,FRONT-DOOR,2,1,1,1,False,6.5,12.5,20.0,1.5,0.0,,,LEAN_PROVED,NO-GO,BOOK_00/01,D0.Foundation.DetectionCapabilityBoundary
D0-IM-COSMO-001,40.4,100,FRONT-DOOR,1,7,2,2,False,15.9,20.0,4.0,0.5,0.0,,,LEAN_PROVED,CORE-FORMALIZED,BOOK_08,D0.Cosmology.ArchiveConvexity
D0-SDE-CUBIC-SPECTRAL-DISJOINTNESS-001,40.3,100,FRONT-DOOR,6,3,6,4,False,11.5,16.0,11.0,1.8,0.0,,,LEAN_PROVED,NO-GO,BOOK_08,D0.Synthesis.SDECubicSpectralDisjointness
D0-SCENE-HISTORY-REFINEMENT-RULE-OWNER-001,40.3,100,FRONT-DOOR,0,1,3,3,False,5.3,20.0,15.0,0.0,0.0,,,LEAN_PROVED,NO-GO,BOOK_06,D0.Extensions.SceneHistoryRefinementConstruction
D0-LEPTON-BRANCH-ROW-MINIMAL-EXTENSION-001,40.3,100,FRONT-DOOR,0,1,0,0,True,5.3,15.0,20.0,0.0,0.0,,,LEAN_PROVED,NO-GO,BOOK_04,D0.LeptonClosure.BranchRowMinimalExtension
D0-NO-GO-FLAT-TENSOR-NONABELIAN-001,40.1,100,FRONT-DOOR,1,0,0,0,True,4.1,14.5,20.0,1.5,0.0,,,LEAN_PROVED,NO-GO,BOOK_08,D0.Gauge.FlatTensorNoGo
D0-NO-GO-NAIVE-LOCAL-GAUGE-COVARIANCE-001,40.1,100,FRONT-DOOR,1,0,0,0,True,4.1,14.5,20.0,1.5,0.0,,,LEAN_PROVED,NO-GO,BOOK_05/06,D0.Gauge.WilsonLinkGaugeCovariance
D0-NO-GO-UNGRADED-BIANCHI-RESIDUAL-001,40.1,100,FRONT-DOOR,1,0,0,0,True,4.1,14.5,20.0,1.5,0.0,,,LEAN_PROVED,NO-GO,BOOK_05/06,D0.Gauge.GradedBianchiIdentity
D0-VNEXT-DIRAC-LAPLACIAN-COMPATIBILITY-OWNER-001,40.1,100,FRONT-DOOR,0,2,0,0,True,8.4,16.7,15.0,0.0,0.0,,,LEAN_PROVED,NO-GO,BOOK_02,D0.VNext.AFD0LaplacianComparisonNoGo
D0-YUKAWA-COMMUTANT-SPECTRUM-001,40.1,100,FRONT-DOOR,1,3,2,2,False,10.6,20.0,9.0,0.5,0.0,,,LEAN_PROVED,CORE-FORMALIZED,BOOK_04,D0.Synthesis.YukawaCommutantSpectrum
D0-BRIDGE-SI-CALIBRATION-BOUNDARY-001,40.1,55,FRONT-DOOR,1,0,1,1,False,4.1,17.2,18.0,0.8,0.0,,,PYTHON_CERTIFIED,BRIDGE-CALIBRATION,BOOK_08,D0.Bridge.SICalibrationBoundary
D0-ARCHIVE-BIANCHI-001,40.0,100,FRONT-DOOR,6,0,1,1,False,11.5,20.0,4.0,4.5,0.0,,,LEAN_PROVED,CORE-FORMALIZED,BOOK_07,D0.Geometry.ArchiveBianchiIdentity
D0-QUASI008-PHASON-FLIP-ENTROPY-SDE-001,39.9,100,FRONT-DOOR,8,0,4,3,False,12.9,20.0,4.0,3.0,0.0,,,LEAN_PROVED,CORE-FORMALIZED,BOOK_07/08,D0.Cosmology.PhasonFlipEntropy
D0-RIEFFEL-GHP-CONTINUUM-OWNER-001,39.9,70,FRONT-DOOR,0,7,0,0,True,15.9,20.0,4.0,0.0,0.0,,,LEAN_PROVED_WITH_BRIDGE_ASSUMPTIONS,BRIDGE-ASSUMPTIONS-EXPLICIT,BOOK_07,D0.Bridge.RieffelGHPBridge
D0-SMOOTH-MANIFOLD-PASSPORT-001,39.9,55,FRONT-DOOR,0,7,0,,,15.9,6.0,18.0,0.0,0.0,,,PYTHON_CERTIFIED,PASSPORT-CLOSED,BOOK_07,
D0-PHASON-WZ-CPL-PASSPORT-001,39.9,55,FRONT-DOOR,0,7,0,,,15.9,6.0,18.0,0.0,0.0,,,PYTHON_CERTIFIED,PASSPORT-CLOSED,BOOK_08,
D0-CONSTRAINED-HAMILTONIAN-EMBEDDING-PASSPORT-001,39.8,55,FRONT-DOOR,0,3,0,0,True,10.6,11.2,18.0,0.0,0.0,,,PYTHON_CERTIFIED,PASSPORT-CLOSED,BOOK_06,D0.Bridge.ConstrainedHamiltonianEmbeddingPassport
D0-GEOM-SPECTRAL-ACTION-LADDER-001,39.6,100,FRONT-DOOR,9,1,5,5,False,13.6,20.0,4.0,2.0,0.0,,,LEAN_PROVED,CORE-FORMALIZED,BOOK_08,D0.Geometry.SpectralActionLadder
D0-TORAL-CANONICAL-MARKOV-PARTITION-NOGO-001,39.6,100,FRONT-DOOR,0,3,3,3,False,10.6,9.0,20.0,0.0,0.0,,,LEAN_PROVED,NO-GO,BOOK_06,D0.Geometry.ToralCanonicalMarkovNoGo
D0-ICECUBE-001,39.5,100,FRONT-DOOR,1,0,0,0,True,4.1,15.9,18.0,1.5,0.0,,,LEAN_PROVED,EMPIRICAL-PASSPORT,BOOK_04/05/08,D0.Matter.NeutrinoPhasonWaves;D0.Passport.IceCubePhasonDecoherence
D0-SCENE-TOP-HOMOLOGY-ORIENTATION-TRIVIAL-001,39.4,100,FRONT-DOOR,0,2,0,0,True,8.4,20.0,11.0,0.0,0.0,,,LEAN_PROVED,NO-GO,BOOK_01/02,D0.Topology.SceneTopHomologyOrientation
D0-CVFT-NOGO-001,39.4,100,FRONT-DOOR,0,0,0,0,True,0.0,19.4,20.0,0.0,0.0,,,LEAN_PROVED,NO_GO_PROVED,BOOK_05/08,D0.Dynamics.InternalFeedbackResolvent;D0.Cosmology.FiniteFeedbackEquationOfState;D0.Matter.TerminalFeedbackModes;D0.Cosmology.SDEFeedbackReduction
D0-COSMO-CONFORMAL-TRACE-001,39.1,100,FRONT-DOOR,12,0,2,2,False,15.1,20.0,0.0,4.0,0.0,,,LEAN_PROVED,CORE-FORMALIZED,BOOK_08,D0.Geometry.ConformalLaplacianTrace
D0-SCENE-ACTIVE-EIGENVALUES-001,39.1,100,FRONT-DOOR,10,4,0,0,True,14.1,9.0,4.0,12.0,0.0,,,LEAN_PROVED,CORE-FORMALIZED,BOOK_04,D0.Geometry.SceneActiveEigenvalues
D0-VNEXT-MARTINGALE-DIRAC-OWNER-001,39.0,100,FRONT-DOOR,0,3,1,1,False,10.6,13.4,15.0,0.0,0.0,,,LEAN_PROVED,NO-GO,BOOK_03,D0.VNext.AFMartingaleDiracScaleNoGo
D0-DELTA-ALPHA-MOMENT-001,38.9,100,FRONT-DOOR,2,15,2,2,False,21.2,12.7,4.0,1.0,0.0,,,LEAN_PROVED,CORE-FORMALIZED,BOOK_02/05,D0.Spectral.DeltaAlphaMoment
D0-PHASON-WZ-FINITE-SEQUENCE-SCAFFOLD-001,38.9,100,FRONT-DOOR,0,6,1,1,False,14.9,20.0,4.0,0.0,0.0,,,LEAN_PROVED,CORE-FORMALIZED,BOOK_08,D0.VNext2.PhasonWZSequence
D0-GAP-W-WITNESS-PLUS-ONE-001,38.9,70,FRONT-DOOR,0,2,10,3,False,8.4,17.5,13.0,0.0,0.0,,,LEAN_PROVED_WITH_BRIDGE_ASSUMPTIONS,BRIDGE-ASSUMPTIONS-EXPLICIT,BOOK_01,D0.Core.WitnessForcing;D0.Core.WRecArchitecture
D0-M1-INFO-RECONSTRUCTION-001,38.7,70,FRONT-DOOR,0,1,0,0,True,5.3,20.0,0.0,0.0,13.4,,The finite-information-capacity premise M1 assumes is exactly the hypothesis from which complex Hilbert space is reconstructed operationally - a cited external anchor for the axiom choice.,LEAN_PROVED_WITH_BRIDGE_ASSUMPTIONS,BRIDGE-ASSUMPTIONS-EXPLICIT,BOOK_00,D0.Bridge.M1InfoReconstructionBridge
D0-COSMO-INSTABILITY-SATURATION-001,38.6,100,FRONT-DOOR,1,0,0,0,True,4.1,20.0,13.0,1.5,0.0,,,LEAN_PROVED,CORE-FORMALIZED,BOOK_08,D0.Cosmology.InstabilitySaturation
D0-GAUGE-NONABELIAN-DISCRETE-CURVATURE-001,38.6,100,FRONT-DOOR,6,0,0,0,True,11.5,18.2,0.0,9.0,0.0,,,LEAN_PROVED,CORE-FORMALIZED,BOOK_08,D0.Gauge.NonAbelianDiscreteCurvature
D0-FINAL-CORE-COMPLETION-001,38.6,100,FRONT-DOOR,1,1,14,4,False,5.3,20.0,13.0,0.3,0.0,,,LEAN_PROVED,CORE-FORMALIZED,BOOK_05,D0.Verification.PresentCoreMaximality
D0-CAPACITY-V9-001,38.3,100,FRONT-DOOR,18,1,0,0,True,17.3,9.0,0.0,12.0,0.0,,,LEAN_PROVED,CORE-FORMALIZED,BOOK_01/02,D0.Core.FiniteTypes
D0-CAPACITY-V11-001,38.3,100,FRONT-DOOR,18,1,0,0,True,17.3,9.0,0.0,12.0,0.0,,,LEAN_PROVED,CORE-FORMALIZED,BOOK_01/02,D0.Core.FiniteTypes
D0-CAPACITY-V13-001,38.3,100,FRONT-DOOR,18,1,0,0,True,17.3,9.0,0.0,12.0,0.0,,,LEAN_PROVED,CORE-FORMALIZED,BOOK_01/02,D0.Core.FiniteTypes
D0-TWO-COMPLETION-NOGO-STRENGTH-001,38.3,100,FRONT-DOOR,0,1,1,1,False,5.3,20.0,13.0,0.0,0.0,,,LEAN_PROVED,CERT-CLOSED,BOOK_05,D0.Extensions.TwoCompletionNoGo
D0-RAW-PRIMITIVE-MINIMALITY-001,38.3,100,FRONT-DOOR,0,1,2,2,False,5.3,20.0,13.0,0.0,0.0,,,LEAN_PROVED,CERT-CLOSED,BOOK_05,D0.SelfReading.PrimitiveMinimalityFromRawFunctor
D0-QUASICRYSTAL-PHENOMENOLOGY-OPERATOR-ORIGIN-001,38.1,100,FRONT-DOOR,9,0,3,2,False,13.6,16.5,4.0,4.0,0.0,,,LEAN_PROVED,CORE-FORMALIZED,BOOK_00/01/02/04/06/07/08,D0.Physics.QuasiGenerationsInflation;D0.Physics.ArchivePhasonDarkMatter;D0.Physics.WindowOffsetChirality;D0.Physics.PhasonFlipInertia;D0.Physics.WindowFractionalCharge;D0.Physics.QuasicrystalPhenomenology
D0-SEAM-HOLONOMY-001,38.0,100,FRONT-DOOR,0,8,0,0,True,16.8,17.2,4.0,0.0,0.0,,,LEAN_PROVED,CORE-FORMALIZED,BOOK_02,D0.Spectral.SeamHolonomy
D0-ADLER-WEISS-WILLIAMS-PASSPORT-001,38.0,55,FRONT-DOOR,0,0,0,0,True,0.0,20.0,18.0,0.0,0.0,,,PYTHON_CERTIFIED,PASSPORT-CLOSED,BOOK_06,D0.Bridge.AdlerWeissBridge
D0-HIGGS-RETURN-QUOTIENT-ACTION-OWNER-001,37.9,100,FRONT-DOOR,8,2,0,0,True,12.9,9.0,4.0,12.0,0.0,,,LEAN_PROVED,CERT-CLOSED,BOOK_04,D0.Matter.HiggsReturnQuotientAction
D0-VNEXT2-SCENE-FINGERPRINT-OWNER-001,37.9,100,FRONT-DOOR,8,3,0,0,True,12.9,9.0,4.0,12.0,0.0,,,LEAN_PROVED,CERT-CLOSED,BOOK_02,D0.VNext2.SceneSpectralFingerprint
D0-RANK3-CUBIC-SYMMETRIC-FUNCTIONS-001,37.9,100,FRONT-DOOR,7,3,0,0,True,12.2,11.2,4.0,10.5,0.0,,,LEAN_PROVED,CORE-FORMALIZED,BOOK_07,D0.VNext2.Rank3CubicSymmetricFunctions
D0-SCENE-CHROMATIC-THREE-NOGO-001,37.8,100,FRONT-DOOR,0,0,2,2,False,0.0,17.8,20.0,0.0,0.0,,,LEAN_PROVED,NO-GO,BOOK_07,D0.Combinatorics.SceneChromaticThree
D0-ARCHIVE-ENTROPY-001,37.8,55,FRONT-DOOR,1,0,1,1,False,4.1,20.0,13.0,0.8,0.0,,,PYTHON_CERTIFIED,CERT-CLOSED,BOOK_06/08,D0.Probability.EntropyCouplingKernel
D0-NO-GO-STRESS-SUITE-001,37.7,100,FRONT-DOOR,1,0,3,2,False,4.1,13.1,20.0,0.5,0.0,,,LEAN_PROVED,NO_GO_PROVED,BOOK_02/04/05/06/07,D0.NoGo.StressTestSuite
D0-PHASON-PRESSURE-EOS-SCAFFOLD-001,37.7,100,FRONT-DOOR,0,5,0,0,True,13.7,20.0,4.0,0.0,0.0,,,LEAN_PROVED,CERT-CLOSED,BOOK_08,D0.Cosmology.PhasonWZTransfer
D0-PAGE-CURVE-FINITE-RANK-OWNER-001,37.7,100,FRONT-DOOR,0,5,0,0,True,13.7,20.0,4.0,0.0,0.0,,,LEAN_PROVED,CERT-CLOSED,BOOK_07,D0.Gravity.PageCurveFiniteRankOwner
D0-GEOM-HEAT-TRACE-EH-PROXY-001,37.6,100,FRONT-DOOR,11,0,3,3,False,14.6,20.0,0.0,3.0,0.0,,,LEAN_PROVED,CORE-FORMALIZED,BOOK_08,D0.Geometry.HeatTraceEHProxy
D0-PMNS-SEAM-TOPOLOGY-001,37.6,100,FRONT-DOOR,0,3,2,2,False,10.6,9.0,18.0,0.0,0.0,,,LEAN_PROVED,EMPIRICAL-PASSPORT,BOOK_04,D0.Matter.PMNSSeamTopology
D0-ALPHA-RESIDUE-DELTA-NORMALIZATION-NOGO-001,37.4,100,FRONT-DOOR,0,2,2,2,False,8.4,9.0,20.0,0.0,0.0,,,LEAN_PROVED,NO-GO,BOOK_02,D0.Spectral.DeltaAlphaNormalizationNoGo
D0-CURRENT-DATA-COMPARISON-CANONICITY-NOGO-001,37.4,100,FRONT-DOOR,0,1,3,3,False,5.3,12.1,20.0,0.0,0.0,,,LEAN_PROVED,NO-GO,BOOK_00/01,D0.Foundation.CurrentDataComparisonCanonicity
D0-ZONE-CURRENT-001,37.1,100,FRONT-DOOR,7,0,0,0,True,12.2,10.4,4.0,10.5,0.0,,,LEAN_PROVED,CORE-FORMALIZED,BOOK_04,D0.Integration.V15.RawZone
D0-ZONE-NEUTRAL-ACTIVE-SPLIT-001,37.1,100,FRONT-DOOR,7,0,0,0,True,12.2,10.4,4.0,10.5,0.0,,,LEAN_PROVED,CORE-FORMALIZED,BOOK_04,D0.Integration.V15.RawZone
D0-PHASE-UNFOLD-002,36.9,100,FRONT-DOOR,8,0,5,2,False,12.9,7.0,13.0,4.0,0.0,,,LEAN_PROVED,CORE-FORMALIZED,BOOK_01/02,D0.Phase
D0-VNEXT-33-SCENE-ANCHOR-NOGO-001,36.9,100,FRONT-DOOR,0,6,0,0,True,14.9,9.0,13.0,0.0,0.0,,,LEAN_PROVED,CORE_BRIDGE_SPLIT,BOOK_02,D0.VNext.AFD0SpectralInvariantComparison
D0-SCENE-DIM-EVEN-FIBONACCI-FORCING-001,36.9,100,FRONT-DOOR,0,6,0,0,True,14.9,9.0,13.0,0.0,0.0,,,LEAN_PROVED,CERT-CLOSED,BOOK_02,D0.VNext2.SceneDimEvenFibonacci
D0-VNEXT-ISOMETRIC-DIRAC-TOWER-NOGO-001,36.7,100,FRONT-DOOR,0,0,0,0,True,0.0,16.7,20.0,0.0,0.0,,,LEAN_PROVED,NO-GO,BOOK_02,D0.VNext.AFD0LaplacianComparisonNoGo
D0-ARCHIVE-MODE-EXPONENT-001,36.5,100,FRONT-DOOR,7,0,7,3,False,12.2,12.7,9.0,2.6,0.0,,,LEAN_PROVED,CORE-FORMALIZED,BOOK_07/08,D0.Geometry.ArchiveModeExponent
D0-GEN-MASS-001,36.3,100,FRONT-DOOR,0,4,1,1,False,12.3,9.0,15.0,0.0,0.0,,,LEAN_PROVED,NO_GO_PROVED,BOOK_04,D0.Spectrum.BranchDefectProjectiveControls
D0-IM-COSMO-002,36.3,100,FRONT-DOOR,0,4,4,3,False,12.3,20.0,4.0,0.0,0.0,,,LEAN_PROVED,CORE-FORMALIZED,BOOK_08,D0.IM.ArchivePressureCoupling
D0-BORN-AREA-PRESERVATION-INSUFFICIENT-NOGO-001,36.3,100,FRONT-DOOR,0,0,1,1,False,0.0,16.3,20.0,0.0,0.0,,,LEAN_PROVED,NO-GO,BOOK_01,D0.Core.BornAreaPreservationNoGo
D0-NEUTRINO-MASS-PASSPORT-001,36.3,55,FRONT-DOOR,0,4,0,,,12.3,6.0,18.0,0.0,0.0,,,PYTHON_CERTIFIED,PASSPORT-CLOSED,BOOK_04,
D0-NO-GO-BARE-ARCHIVE-NONABELIAN-001,36.2,100,FRONT-DOOR,2,0,4,3,False,6.5,9.0,20.0,0.8,0.0,,,LEAN_PROVED,NO-GO,BOOK_08,D0.Bridge.OperatorOriginIndex
D0-PHASE-TOWER-002,36.1,100,FRONT-DOOR,0,0,0,0,True,0.0,16.1,20.0,0.0,0.0,,,LEAN_PROVED,NO_GO_PROVED,BOOK_01/02,D0.Combinatorics.InfinitePhaseTower
D0-OPERATOR-GAUGE-CURVATURE-ORIGIN-001,36.1,100,FRONT-DOOR,6,0,0,0,True,11.5,15.6,0.0,9.0,0.0,,,LEAN_PROVED,CORE-FORMALIZED,BOOK_08,D0.Matter.GaugeCurvatureOrigin
D0-FESHBACH-SCHUR-TIME-DELAY-OWNER-001,36.0,100,FRONT-DOOR,2,4,0,0,True,12.3,16.7,4.0,3.0,0.0,,,LEAN_PROVED,CERT-CLOSED,BOOK_06,D0.Evolution.FeshbachSchurTimeDelayOwner
D0-CONNES-RECONSTRUCTION-OWNER-001,35.9,70,FRONT-DOOR,0,7,0,0,True,15.9,20.0,0.0,0.0,0.0,,,LEAN_PROVED_WITH_BRIDGE_ASSUMPTIONS,BRIDGE-ASSUMPTIONS-EXPLICIT,BOOK_07,D0.Bridge.ConnesReconstructionBridge
D0-GRADING-MINIMAL-COMPLETION-SELECTION-001,35.6,45,ATTACK-QUEUE,1,3,1,1,False,10.6,15.3,9.0,0.8,0.0,,,LEAN_PROVED,PROOF-TARGET,BOOK_04,D0.Extensions.GradingMinimalCompletion
D0-SM-HYPERCHARGE-ROW-OWNER-001,35.5,100,FRONT-DOOR,0,5,0,0,True,13.7,17.8,4.0,0.0,0.0,,,LEAN_PROVED,CERT-CLOSED,BOOK_04,D0.Matter.SMHyperchargeRowOwner
D0-DELTA-ALPHA-EXACT-001,35.4,100,BALLAST,4,10,1,1,False,18.3,10.1,4.0,3.0,0.0,,,LEAN_PROVED,CORE-FORMALIZED,BOOK_02,D0.Spectral.DeltaAlphaExact
D0-SELF-READING-PRIMITIVE-MINIMALITY-001,35.4,100,BALLAST,1,1,1,1,False,5.3,16.3,13.0,0.8,0.0,,,LEAN_PROVED,CERT-CLOSED,BOOK_05,D0.Extensions.PrimitiveMinimalityAfterSelfReading
D0-GRAV-QNM-001,35.0,55,BALLAST,0,0,0,0,True,0.0,20.0,15.0,0.0,0.0,,,PYTHON_CERTIFIED,NO_GO_PROVED,BOOK_07,D0.Gravity.BoundaryRelaxationSpectrum
D0-LEPTON-FINITE-GREEN-RESOLVENT-OWNER-001,34.9,100,BALLAST,2,4,0,0,True,12.3,15.6,4.0,3.0,0.0,,,LEAN_PROVED,CERT-CLOSED,BOOK_04,D0.Matter.LeptonFiniteGreenResolventOwner
D0-COMPACTNESS-DEF-FORCING-001,34.7,100,BALLAST,0,2,0,0,True,8.4,13.3,13.0,0.0,0.0,,,LEAN_PROVED,CORE-FORMALIZED,BOOK_07,D0.Gravity.CompactnessLimit
D0-POSTCORE-EXTENSION-SEMANTIC-DEPENDENCE-001,34.7,100,BALLAST,5,1,0,0,True,10.6,12.7,4.0,7.5,0.0,,,LEAN_PROVED,CERT-CLOSED,BOOK_05,D0.Extensions.ExtensionMinimality
D0-HYPERCHARGE-BL-DIRECTION-BRIDGE-001,34.7,70,BALLAST,0,6,0,0,True,14.9,15.9,4.0,0.0,0.0,,,LEAN_PROVED_WITH_BRIDGE_ASSUMPTIONS,BRIDGE-ASSUMPTIONS-EXPLICIT,BOOK_01,D0.Matter.HyperchargeBLDirectionBridge
D0-SCENE-NORMALIZED-QUOTIENT-DESCENT-001,34.6,100,BALLAST,5,2,8,3,False,10.6,13.1,9.0,1.9,0.0,,,LEAN_PROVED,CORE-FORMALIZED,BOOK_02,D0.Synthesis.SceneNormalizedQuotientDescent
D0-XI5-CROSS-SECTOR-001,34.6,100,BALLAST,0,3,1,1,False,10.6,20.0,4.0,0.0,0.0,,,LEAN_PROVED,CORE-FORMALIZED,BOOK_04,D0.Claims.Xi5TorusDefect
D0-BLACK-HOLE-INFORMATION-UNITARITY-OWNER-001,34.6,100,BALLAST,0,3,0,0,True,10.6,20.0,4.0,0.0,0.0,,,LEAN_PROVED,CERT-CLOSED,BOOK_07,D0.Gravity.PageCurveFiniteRankOwner
D0-REHEATING-PHASON-INITIAL-DATA-OWNER-001,34.6,100,BALLAST,0,3,0,0,True,10.6,20.0,4.0,0.0,0.0,,,LEAN_PROVED,CERT-CLOSED,BOOK_08,D0.Cosmology.PhasonInitialCovariance
D0-ALPHA-MEASUREMENT-LIMIT-001,34.6,55,BALLAST,0,3,0,,,10.6,6.0,18.0,0.0,0.0,,,PYTHON_CERTIFIED,EMPIRICAL-PASSPORT,BOOK_02,
D0-PHI-CSTAR-PASSPORT-001,34.6,55,BALLAST,0,3,0,,,10.6,6.0,18.0,0.0,0.0,,,PYTHON_CERTIFIED,PASSPORT-CLOSED,BOOK_06,
D0-SMOOTH-MANIFOLD-INTERNAL-LIMIT-001,34.6,55,BALLAST,0,3,0,,,10.6,6.0,18.0,0.0,0.0,,,PYTHON_CERTIFIED,PASSPORT-CLOSED,BOOK_07,
D0-NONRECIPROCAL-ACTIVE-DYNAMICS-FORMALISM-BRIDGE-001,34.5,55,BALLAST,0,1,0,0,True,5.3,11.2,18.0,0.0,0.0,,,PYTHON_CERTIFIED,PASSPORT-CLOSED,BOOK_03,D0.Bridge.ConstrainedHamiltonianEmbeddingPassport
D0-FESHBACH-CONSTRAINT-SUBMANIFOLD-BRIDGE-001,34.5,55,BALLAST,0,1,0,0,True,5.3,11.2,18.0,0.0,0.0,,,PYTHON_CERTIFIED,PASSPORT-CLOSED,BOOK_06,D0.Bridge.ConstrainedHamiltonianEmbeddingPassport
D0-FLOQUET-NONRECIPROCAL-DYNAMICS-BRIDGE-001,34.5,55,BALLAST,0,1,0,0,True,5.3,11.2,18.0,0.0,0.0,,,PYTHON_CERTIFIED,PASSPORT-CLOSED,BOOK_06,D0.Bridge.ConstrainedHamiltonianEmbeddingPassport
D0-A2-EINSTEIN-DIVERGENCE-OBSTRUCTION-NOGO-001,34.4,55,BALLAST,0,2,0,,,8.4,6.0,20.0,0.0,0.0,,,PYTHON_CERTIFIED,NO-GO,BOOK_07/08,
D0-TORAL-TIME-MARKOV-CONJUGACY-001,34.4,5,DRIFT,0,7,2,1,False,15.9,14.5,4.0,0.0,0.0,,,OPEN,PROOF-TARGET,BOOK_06,D0.Geometry.LucasVoronoiMarkovPartition
D0-ARCHIVE-PHASE-DISTANCE,34.3,100,BALLAST,5,0,1,1,False,10.6,20.0,0.0,3.8,0.0,,,LEAN_PROVED,CORE-FORMALIZED,BOOK_06/07,D0.Geometry.ArchivePhaseDistance
D0-FIBONACCI-IF-FORCING-001,34.3,100,BALLAST,0,4,1,1,False,12.3,9.0,13.0,0.0,0.0,,,LEAN_PROVED,CERT-CLOSED,BOOK_01,D0.Claims.FibonacciIfBridge
D0-PERRON-SCALE-FLOW-OWNER-001,34.3,100,BALLAST,1,4,1,1,False,12.3,17.2,4.0,0.8,0.0,,,LEAN_PROVED,CERT-CLOSED,BOOK_02,D0.Spectral.CanonicalRefinementScaleFlow
D0-VNEXT-JOINT-DIRAC-ANCHOR-NOGO-001,34.3,100,BALLAST,0,1,0,0,True,5.3,9.0,20.0,0.0,0.0,,,LEAN_PROVED,NO-GO,BOOK_02,D0.VNext.AFD0SpectralInvariantComparison
D0-GRADING-NEUTRAL-CURRENT-MAXIMALITY-NOGO-001,34.3,100,BALLAST,0,1,3,2,False,5.3,9.0,20.0,0.0,0.0,,,LEAN_PROVED,NO-GO,BOOK_04,D0.Extensions.GradingNeutralCurrentConstruction
D0-COMPLEX-QM-FORCING-001,34.3,70,BALLAST,0,1,0,0,True,5.3,20.0,9.0,0.0,0.0,,,LEAN_PROVED_WITH_BRIDGE_ASSUMPTIONS,BRIDGE-ASSUMPTIONS-EXPLICIT,BOOK_00,D0.Bridge.ComplexQMBridge
D0-GRAVITY-MACRO-EINSTEIN-INTERFACE-001,34.2,100,BALLAST,4,0,17,7,False,9.5,20.0,4.0,0.8,0.0,,,LEAN_PROVED,CORE_BRIDGE_SPLIT,BOOK_07,D0.Gravity.MacroEinsteinInterface
D0-KTHEORY-GAP-MODULE-001,34.2,100,BALLAST,0,4,1,1,False,12.3,11.2,4.0,0.0,6.7,,"Bellissard gap labelling is measurable in Fibonacci quasicrystals, so this is the one laboratory-accessible channel the corpus touches. DEMOTED 2026-07 from weight 3: the D0 label set was checked and is the GENERIC module Z+Z/phi, identical for any Fibonacci hull, so it discriminates nothing (D0-GAP-LABEL-GENERICITY-NOGO-001). The channel stays open only if a forced gap-opening SUBSET is derived.",LEAN_PROVED,CORE-FORMALIZED,BOOK_07,D0.Claims.KTheoryGapModule
D0-HIGGS-LOGDET-STATIONARY-POTENTIAL-001,34.1,100,BALLAST,0,4,0,0,True,12.3,17.8,4.0,0.0,0.0,,,LEAN_PROVED,CERT-CLOSED,BOOK_04,D0.Matter.HiggsLogdetStationary
D0-SCENE-TRIPLE-UNIQUE-001,34.1,100,BALLAST,0,2,0,0,True,8.4,12.7,13.0,0.0,0.0,,,LEAN_PROVED,CORE-FORMALIZED,BOOK_01,D0.VNext2.SceneTripleUnique
D0-REHEATING-ENERGY-BUDGET-OWNER-001,33.9,100,BALLAST,2,3,1,1,False,10.6,17.8,4.0,1.5,0.0,,,LEAN_PROVED,CERT-CLOSED,BOOK_08,D0.Cosmology.ReheatingEnergyBudgetOwner
D0-PHI-CYLINDER-TRACE-UNIQUE-001,33.9,55,BALLAST,0,6,0,,,14.9,6.0,13.0,0.0,0.0,,,PYTHON_CERTIFIED,CERT-CLOSED,BOOK_06,
D0-LAPLACIAN-SPECTRUM-FIX-001,33.8,100,BALLAST,9,1,3,2,False,13.6,12.2,4.0,4.0,0.0,,,LEAN_PROVED,CORE-FORMALIZED,BOOK_02,D0.Spectral.ZoneMatrixSpectrum
D0-TOP-HODGE-INVERSE-SPECTRAL-RIGIDITY-001,33.7,100,BALLAST,0,2,14,7,False,8.4,16.3,9.0,0.0,0.0,,,LEAN_PROVED,CORE-FORMALIZED,BOOK_01/02,D0.Synthesis.TopHodgeInverseSpectralRigidity
D0-TORUS-GENERATION-SELECTOR-001,33.7,100,BALLAST,4,0,1,1,False,9.5,17.2,4.0,3.0,0.0,,,LEAN_PROVED,CORE-FORMALIZED,BOOK_04,D0.Matter.GenerationSelectorOrigin
D0-Q8-SIN-CHANNEL-001,33.6,100,BALLAST,0,4,0,0,True,12.3,17.2,4.0,0.0,0.0,,,LEAN_PROVED,CORE-FORMALIZED,BOOK_04,D0.Spectral.SeamHolonomy
D0-CASCADE-FLOOR-COMPARISON-001,33.6,100,BALLAST,4,1,0,0,True,9.5,18.2,0.0,6.0,0.0,,,LEAN_PROVED,CORE-FORMALIZED,BOOK_01,D0.Foundation.CascadeFloorComparison
D0-HST-ARCHIVE-001,33.5,55,BALLAST,2,0,0,0,True,6.5,20.0,4.0,3.0,0.0,,,PYTHON_CERTIFIED,CERT-CLOSED,BOOK_06/08,D0.Probability.HSTExternalInterface
D0-PHASON-WDE-SIGN-NORMALIZATION-OWNER-001,33.3,100,BALLAST,3,8,1,1,False,16.8,10.2,4.0,2.2,0.0,,,LEAN_PROVED,CERT-CLOSED,BOOK_08,D0.Cosmology.PhasonWDESignNormalization
D0-CKM-CLASS5-PARITY-EXCLUSION-001,33.3,100,BALLAST,0,2,1,1,False,8.4,9.9,15.0,0.0,0.0,,,LEAN_PROVED,NO-GO,BOOK_04,D0.Matter.CKMClass5ParityExclusion
D0-PHASON-ACTIVE-SCENE-CONJUGACY-001,33.2,100,BALLAST,5,3,11,5,False,10.6,12.3,9.0,1.2,0.0,,,LEAN_PROVED,CORE-FORMALIZED,BOOK_02/08,D0.Synthesis.PhasonActiveSceneConjugacy
D0-ALPHA-HOLONOMY-LINEAR-FORM-001,33.2,100,BALLAST,0,4,0,0,True,12.3,16.9,4.0,0.0,0.0,,,LEAN_PROVED,CORE-FORMALIZED,BOOK_02,D0.Spectral.SeamTransportLinear
D0-PHI-HURWITZ-CLASS-CANONIZATION-001,33.2,100,BALLAST,5,3,0,0,True,10.6,15.1,0.0,7.5,0.0,,,LEAN_PROVED,CORE-FORMALIZED,BOOK_01,D0.NumberTheory.HurwitzClassCanonization
D0-CVFT-001A,33.0,100,BALLAST,0,0,0,0,True,0.0,20.0,13.0,0.0,0.0,,,LEAN_PROVED,CORE-FORMALIZED,BOOK_00/01/02/03,D0.Dynamics.InternalFeedbackResolvent;D0.Cosmology.FeedbackPartitionFunction
D0-LEPTON-CYCLIC-GENERATOR-001,33.0,100,BALLAST,0,0,0,0,True,0.0,20.0,13.0,0.0,0.0,,,LEAN_PROVED,CERT-CLOSED,BOOK_04,D0.LeptonClosure.BranchIndexUnique
D0-EQUIVARIANT-HYPERCHARGE-CARRIER-001,33.0,100,BALLAST,1,1,2,2,False,5.3,18.2,9.0,0.5,0.0,,,LEAN_PROVED,CORE-FORMALIZED,BOOK_04,D0.Synthesis.EquivariantHyperchargeCarrier
D0-MATTER-REP-001,32.9,100,BALLAST,4,3,0,0,True,10.6,16.3,0.0,6.0,0.0,,,LEAN_PROVED,CORE-FORMALIZED,BOOK_04,D0.Matter.GenerationMultiplicity
D0-GEOM-HIGHER-CURVATURE-FLOOR-BOUND-001,32.9,100,BALLAST,5,0,15,6,False,10.6,17.2,4.0,1.1,0.0,,,LEAN_PROVED,CORE-FORMALIZED,BOOK_08,D0.Geometry.HigherCurvatureSuppression
D0-PHASON-THAWING-001,32.9,100,BALLAST,1,2,2,2,False,8.4,20.0,4.0,0.5,0.0,,,LEAN_PROVED,CORE-FORMALIZED,BOOK_08,D0.Cosmology.ArchiveConvexity
D0-SCENE-DEGREE-INVARIANT-ALGEBRA-001,32.7,100,BALLAST,1,1,1,1,False,5.3,17.6,9.0,0.8,0.0,,,LEAN_PROVED,CORE-FORMALIZED,BOOK_01/04,D0.Foundation.InvariantAlgebraDegree
D0-ARCHIVE-VARIATION-DUAL-001,32.7,100,BALLAST,3,0,0,0,True,8.2,20.0,0.0,4.5,0.0,,,LEAN_PROVED,CORE-FORMALIZED,BOOK_07,D0.Geometry.ArchiveVariationDual
D0-IM-003,32.7,100,BALLAST,4,0,2,2,False,9.5,17.2,4.0,2.0,0.0,,,LEAN_PROVED,CORE-FORMALIZED,BOOK_06,D0.IM.ContinuumFromFractalTick
D0-SEAM-CROSSING-WEIGHT-001,32.7,100,BALLAST,0,1,7,3,False,5.3,18.4,9.0,0.0,0.0,,,LEAN_PROVED,CORE-FORMALIZED,BOOK_02,D0.Synthesis.SeamCrossingWeightForced
D0-SCENE-LAPLACIAN-SPECTRUM-FORCED-001,32.6,100,BALLAST,0,2,0,0,True,8.4,11.2,13.0,0.0,0.0,,,LEAN_PROVED,CERT-CLOSED,BOOK_02,D0.VNext2.SceneLaplacianSpectrumForced
D0-OPERATOR-VECTOR-LAPLACIAN-ORIGIN-001,32.5,100,BALLAST,5,0,1,1,False,10.6,18.2,0.0,3.8,0.0,,,LEAN_PROVED,CORE-FORMALIZED,BOOK_08,D0.Matter.VectorOperatorOrigin
D0-DYNAMICS-NOT-PRIMITIVE-CERT-CLOSED-001,32.4,100,BALLAST,0,2,10,4,False,8.4,20.0,4.0,0.0,0.0,,,LEAN_PROVED,CERT-CLOSED,BOOK_06,D0.Evolution.StaticToDynamicsOwner
D0-INFLATIONLESS-THRESHOLD-ENERGY-OWNER-001,32.4,100,BALLAST,0,2,2,2,False,8.4,20.0,4.0,0.0,0.0,,,LEAN_PROVED,CERT-CLOSED,BOOK_08,D0.Cosmology.InflationlessThresholdEnergyOwner
D0-PHASON-INITIAL-COVARIANCE-OWNER-001,32.4,100,BALLAST,0,2,0,0,True,8.4,20.0,4.0,0.0,0.0,,,LEAN_PROVED,CERT-CLOSED,BOOK_08,D0.Cosmology.PhasonInitialCovariance
D0-CMB-FIEDLER-FREEZEOUT-OWNER-001,32.4,100,BALLAST,0,2,0,0,True,8.4,20.0,4.0,0.0,0.0,,,LEAN_PROVED,CERT-CLOSED,BOOK_08,D0.Cosmology.CMBFiedlerFreezeout
D0-VNEXT-QUANTUM-METRIC-EXTENSION-PASSPORT-001,32.4,55,BALLAST,0,2,0,,,8.4,6.0,18.0,0.0,0.0,,,PYTHON_CERTIFIED,PASSPORT-CLOSED,BOOK_07,
D0-ICOSIAN-E8-GRAM-001,32.3,100,BALLAST,1,4,0,0,True,12.3,14.5,4.0,1.5,0.0,,,LEAN_PROVED,CORE-FORMALIZED,BOOK_02,D0.Claims.IcosianE8GramFinite
D0-GAUGE-BIANCHI-RESIDUAL-BOUNDARY-001,32.2,100,BALLAST,1,0,1,1,False,4.1,16.3,11.0,0.8,0.0,,,LEAN_PROVED,NO-GO,BOOK_08,D0.Gauge.BianchiResidual
D0-DIM-LADDER-COMPACT-001,32.2,100,BALLAST,0,3,0,0,True,10.6,17.6,4.0,0.0,0.0,,,LEAN_PROVED,CORE-FORMALIZED,BOOK_06,D0.Claims.DimLadderCompact
D0-ARCHIVE-NEUMANN-TICK-OWNER-001,32.1,100,BALLAST,2,2,0,0,True,8.4,16.7,4.0,3.0,0.0,,,LEAN_PROVED,CERT-CLOSED,BOOK_06,D0.Evolution.FeshbachSchurTimeDelayOwner
D0-RAW-SELF-READING-EXTRACTIONS-001,32.0,100,BALLAST,0,1,9,3,False,5.3,11.8,15.0,0.0,0.0,,,LEAN_PROVED,NO-GO,BOOK_04,D0.SelfReading.RawSelfReadingExtractions
D0-RG-001,32.0,70,BALLAST,2,0,1,1,False,6.5,20.0,4.0,1.5,0.0,,,LEAN_PROVED_WITH_BRIDGE_ASSUMPTIONS,BRIDGE-ASSUMPTIONS-EXPLICIT,D0_OPERATOR_BRIDGE_TRIPLE_CLOSURE,D0.Bridge.PhiDiscreteRG
D0-ARCHIVE-HEATTRACE-001,32.0,55,BALLAST,2,0,1,1,False,6.5,20.0,4.0,1.5,0.0,,,PYTHON_CERTIFIED,CERT-CLOSED,BOOK_07/08,D0.Geometry.ArchiveHeatTrace
D0-DETECTION-QUADRATIC-001,31.7,100,BALLAST,3,9,4,3,False,17.6,9.0,4.0,1.1,0.0,,,LEAN_PROVED,CORE-FORMALIZED,BOOK_00/01,D0.Tower.DetectionQuadratic
D0-PHASON-WDE-Z-MAP-OWNER-001,31.6,55,BALLAST,0,3,0,,,10.6,6.0,15.0,0.0,0.0,,,PYTHON_CERTIFIED,NO-GO,BOOK_08,
D0-ARCHIVE-LAPLACIAN-RG,31.5,100,BALLAST,2,0,2,2,False,6.5,20.0,4.0,1.0,0.0,,,LEAN_PROVED,CORE-FORMALIZED,BOOK_07,D0.Geometry.ArchiveLaplacianRG
D0-ALPHA-FESHBACH-RESIDUE-FINITE-SUM-001,31.4,100,BALLAST,0,5,3,3,False,13.7,13.7,4.0,0.0,0.0,,,LEAN_PROVED,CERT-CLOSED,BOOK_02,D0.Spectral.AlphaFeshbachDixmierOwner
D0-GENERATIVE-DYNAMICS-001,31.3,100,BALLAST,0,10,0,0,True,18.3,9.0,4.0,0.0,0.0,,,LEAN_PROVED,CERT-CLOSED,BOOK_06,D0.Claims.GluingAnomalyTime
D0-GHP-GOLDEN-CAUCHY-BOUND-001,31.3,100,BALLAST,0,4,0,0,True,12.3,15.0,4.0,0.0,0.0,,,LEAN_PROVED,CERT-CLOSED,BOOK_07,D0.Geometry.GHPGoldenCauchyBound
D0-COLOUR-GENERATION-TYPED-CARRIER-NOGO-001,31.3,55,BALLAST,0,1,0,,,5.3,6.0,20.0,0.0,0.0,,,PYTHON_CERTIFIED,NO-GO,BOOK_04,
D0-ALPHA-SEAM-REALIZATION-NOGO-001,31.3,55,BALLAST,0,1,0,,,5.3,6.0,20.0,0.0,0.0,,,PYTHON_CERTIFIED,NO-GO,BOOK_02,
D0-STURMIAN-REFINEMENT-DISCHARGE-NOGO-001,31.3,55,BALLAST,0,1,0,,,5.3,6.0,20.0,0.0,0.0,,,PYTHON_CERTIFIED,NO-GO,BOOK_06,
D0-TOP-HODGE-SPECTRAL-SCENE-RECONSTRUCTION-001,31.2,100,BALLAST,3,2,0,0,True,8.4,18.3,0.0,4.5,0.0,,,LEAN_PROVED,CORE-FORMALIZED,BOOK_01/02,D0.Synthesis.TopHodgeSpectralSceneReconstruction
D0-CKM-NONTRIVIAL-FLAVOUR-ALGEBRA-001,31.2,100,BALLAST,2,0,3,3,False,6.5,20.0,4.0,0.8,0.0,,,LEAN_PROVED,CORE-FORMALIZED,BOOK_04,D0.Matter.CKMNontrivialFlavourAlgebra
D0-ALPHA-ANALYTIC-FORMALISM-BOUNDARY-001,31.2,70,BALLAST,2,1,3,3,False,6.5,20.0,4.0,0.8,0.0,,,LEAN_PROVED_WITH_BRIDGE_ASSUMPTIONS,BRIDGE-ASSUMPTIONS-EXPLICIT,BOOK_02,D0.Spectral.AlphaAnalyticFormalismBoundary
D0-LEPTON-002,31.2,55,BALLAST,0,15,0,,,21.2,6.0,4.0,0.0,0.0,,,PYTHON_CERTIFIED,CERT-CLOSED,BOOK_04,
D0-P-ABELIAN-001,31.2,45,DRIFT,1,3,8,4,False,10.6,16.3,4.0,0.3,0.0,,,LEAN_PROVED,PROOF-TARGET,BOOK_01,D0.Foundation.M1CoreSaturation
D0-CANONICAL-SELF-READING-FUNCTOR-001,30.9,100,BALLAST,0,3,9,3,False,10.6,16.3,4.0,0.0,0.0,,,LEAN_PROVED,CERT-CLOSED,BOOK_05,D0.Extensions.CanonicalSelfReadingFunctor
D0-CURRENT-DATA-FACTORIZATION-001,30.9,100,BALLAST,1,1,2,2,False,5.3,16.1,9.0,0.5,0.0,,,LEAN_PROVED,CORE-FORMALIZED,BOOK_00/01,D0.Foundation.CurrentDataFactorization
D0-CLASS5-ALIASING-001,30.8,100,BALLAST,0,4,1,1,False,12.3,14.5,4.0,0.0,0.0,,,LEAN_PROVED,CORE-FORMALIZED,BOOK_04,D0.Claims.Class5Aliasing
D0-LUCAS-VORONOI-MARKOV-PARTITION-001,30.8,100,BALLAST,0,4,2,1,False,12.3,14.5,4.0,0.0,0.0,,,LEAN_PROVED,CERT-CLOSED,BOOK_06,D0.Geometry.LucasVoronoiMarkovPartition
D0-TOP-HODGE-NORMALIZED-QUOTIENT-SPECTRUM-001,30.7,100,BALLAST,2,4,13,6,False,12.3,18.0,0.0,0.4,0.0,,,LEAN_PROVED,CORE-FORMALIZED,BOOK_01/02/08,D0.Synthesis.TopHodgeNormalizedQuotientSpectrum
D0-COMPLETE-TRIPARTITE-LAPLACIAN-COFACTOR-BRIDGE-001,30.6,100,BALLAST,0,3,17,7,False,10.6,20.0,0.0,0.0,0.0,,,LEAN_PROVED,CORE-FORMALIZED,BOOK_01/02/08,D0.Synthesis.CompleteTripartiteMatrixTreeBridge
D0-EQUIVARIANT-M1-001,30.6,100,BALLAST,1,1,1,1,False,5.3,15.6,9.0,0.8,0.0,,,LEAN_PROVED,CORE-FORMALIZED,BOOK_01/05,D0.Foundation.EquivariantM1
D0-X5-LEPTON-CONTRACT-001,30.5,100,BALLAST,1,4,0,0,True,12.3,12.7,4.0,1.5,0.0,,,LEAN_PROVED,CERT-CLOSED,BOOK_04,D0.Extensions.X5.Lepton
D0-MATTER-ANOMALY-001,30.4,100,BALLAST,3,0,1,1,False,8.2,20.0,0.0,2.2,0.0,,,LEAN_PROVED,CORE-FORMALIZED,BOOK_04,D0.Matter.GenerationAnomalyPreservation
D0-TRANSPORT-SPECTRUM-BLINDNESS-NOGO-001,30.4,100,BALLAST,0,0,0,0,True,0.0,10.4,20.0,0.0,0.0,,,LEAN_PROVED,NO-GO,BOOK_02,D0.Synthesis.TransportSpectrumBlindness
D0-ARCHIVE-LIGHTPROFINITE-001,30.3,100,BALLAST,1,4,1,1,False,12.3,17.2,0.0,0.8,0.0,,,LEAN_PROVED,CORE-FORMALIZED,BOOK_06/07,D0.Geometry.ArchiveLightProfinite
D0-INVARIANT-GENERATION-BRIDGE-001,30.2,45,DRIFT,2,6,2,2,False,14.9,10.4,4.0,1.0,0.0,,,LEAN_PROVED,PROOF-TARGET,BOOK_04,D0.Claims.InvariantGenerationBridge
D0-VNEXT-AF-ONE-DIMENSIONAL-REDUCTION-CLASSIFICATION-001,30.0,100,BALLAST,1,1,1,1,False,5.3,9.0,15.0,0.8,0.0,,,LEAN_PROVED,NO-GO,BOOK_02,D0.VNext.AFOneDimensionalReductionClassification
D0-CASCADE-FLOOR-ONE-LOOP-001,30.0,100,BALLAST,4,1,0,0,True,9.5,14.5,0.0,6.0,0.0,,,LEAN_PROVED,CORE-FORMALIZED,BOOK_01,D0.Foundation.CascadeFloorOneLoop
D0-CASCADE-FLOOR-ORDER-MEMORY-001,30.0,100,BALLAST,4,1,0,0,True,9.5,14.5,0.0,6.0,0.0,,,LEAN_PROVED,CORE-FORMALIZED,BOOK_01,D0.Foundation.CascadeFloorOrderMemory
D0-EDGE-ALPHA-001,29.8,100,BALLAST,0,8,1,1,False,16.8,9.0,4.0,0.0,0.0,,,LEAN_PROVED,CORE-FORMALIZED,BOOK_04,D0.Spectral.ZetaResidueAlpha
D0-KERNEL-ZONE-SPLIT-001,29.8,100,BALLAST,1,2,0,0,True,8.4,15.9,4.0,1.5,0.0,,,LEAN_PROVED,CORE-FORMALIZED,BOOK_01/04,D0.Claims.KernelZoneSplit
D0-ADLER-WEISS-INTERNAL-CONSTRUCTION-001,29.8,100,BALLAST,0,8,0,0,True,16.8,9.0,4.0,0.0,0.0,,,LEAN_PROVED,CERT-CLOSED,BOOK_06,D0.VNext2.AdlerWeissInternalMarkov
D0-POSTCORE-DIXMIER-WODZICKI-PASSPORT-001,29.7,70,BALLAST,1,1,3,3,False,5.3,20.0,4.0,0.4,0.0,,,LEAN_PROVED_WITH_BRIDGE_ASSUMPTIONS,BRIDGE-ASSUMPTIONS-EXPLICIT,BOOK_02,D0.Extensions.AlphaResidueExtension
D0-ARCHIVE-SEAM-CURVATURE-001,29.6,100,BALLAST,1,0,0,0,True,4.1,20.0,4.0,1.5,0.0,,,LEAN_PROVED,CORE-FORMALIZED,BOOK_07,D0.Geometry.ArchiveCurvatureDensity
D0-GRAV-006,29.6,100,BALLAST,1,0,0,0,True,4.1,20.0,4.0,1.5,0.0,,,LEAN_PROVED,CORE-FORMALIZED,BOOK_07,D0.Gravity.HorizonJetAndBaryonPole
D0-QUANT-MET-002,29.6,100,BALLAST,1,0,0,0,True,4.1,20.0,4.0,1.5,0.0,,,LEAN_PROVED,CORE-FORMALIZED,METROLOGY,D0.Metrology.PSDPurification
D0-HODGE-001,29.6,100,BALLAST,1,0,0,0,True,4.1,20.0,4.0,1.5,0.0,,,LEAN_PROVED,CORE-FORMALIZED,BOOK_07,D0.Topology.BoundaryBoundary;D0.Topology.FiniteCochainNoAxion
D0-REHEATING-HEATTRACE-ENERGY-FUNCTIONAL-001,29.6,100,BALLAST,3,2,0,0,True,8.4,12.7,4.0,4.5,0.0,,,LEAN_PROVED,CERT-CLOSED,BOOK_08,D0.Cosmology.HeatTraceEnergyFunctional
D0-GAUGE-MATTER-001,29.6,70,BALLAST,1,0,0,0,True,4.1,20.0,4.0,1.5,0.0,,,LEAN_PROVED_WITH_BRIDGE_ASSUMPTIONS,BRIDGE-ASSUMPTIONS-EXPLICIT,BOOK_02/04,D0.Topology.BoundaryBoundary
D0-DM-CLASSICALITY-001,29.6,55,BALLAST,1,0,0,0,True,4.1,20.0,4.0,1.5,0.0,,,PYTHON_CERTIFIED,CERT-CLOSED,BOOK_06/08,D0.Detector.WeakCouplingClassicalization
D0-PHASON-FORCING-001,29.6,55,BALLAST,0,3,0,,,10.6,6.0,13.0,0.0,0.0,,,PYTHON_CERTIFIED,CERT-CLOSED,BOOK_08,
D0-QUASICRYSTAL-CARRIER-FORCING-001,29.6,55,BALLAST,0,3,0,,,10.6,6.0,13.0,0.0,0.0,,,PYTHON_CERTIFIED,CERT-CLOSED,BOOK_01,
D0-COSMO-CORE-SHAPE-PASSPORT-BOUNDARY-001,29.5,100,BALLAST,2,0,0,0,True,6.5,20.0,0.0,3.0,0.0,,,LEAN_PROVED,CORE-FORMALIZED,BOOK_08,D0.Cosmology.CoreShapePassportBoundary
D0-LEPTON-RAW-GRAPH-COEFFICIENT-OWNER-001,29.4,55,BALLAST,0,2,0,,,8.4,6.0,15.0,0.0,0.0,,,PYTHON_CERTIFIED,NO-GO,BOOK_04,
D0-XI5-TORUS-DEFECT-001,29.3,100,BALLAST,0,1,1,1,False,5.3,20.0,4.0,0.0,0.0,,,LEAN_PROVED,CORE-FORMALIZED,BOOK_03/06,D0.Claims.Xi5TorusDefect
D0-BH-CAPACITY-A4-001,29.3,100,BALLAST,0,1,0,0,True,5.3,20.0,4.0,0.0,0.0,,,LEAN_PROVED,CORE-FORMALIZED,BOOK_07,D0.Gravity.BlackHoleCapacityA4
D0-PROTON-001,29.3,100,BALLAST,0,1,0,0,True,5.3,20.0,4.0,0.0,0.0,,,LEAN_PROVED,CORE-FORMALIZED,BOOK_04,D0.Matter.ProtonReadout306
D0-PAGE-TURNING-POINT-RANK-THEOREM-001,29.3,100,BALLAST,0,2,0,0,True,8.4,16.9,4.0,0.0,0.0,,,LEAN_PROVED,CERT-CLOSED,BOOK_07,D0.Gravity.PageTurningPointRank
D0-FINAL-RESEARCH-TO-CLOSURE-MAP-001,29.3,100,BALLAST,0,1,18,5,False,5.3,20.0,4.0,0.0,0.0,,,LEAN_PROVED,CORE-FORMALIZED,BOOK_05,D0.Verification.FinalResearchClosureBoundary
D0-POSTCORE-EXTENSION-BOUNDARY-001,29.3,70,BALLAST,0,1,12,4,False,5.3,20.0,4.0,0.0,0.0,,,LEAN_PROVED_WITH_BRIDGE_ASSUMPTIONS,CERT-CLOSED,BOOK_05,D0.Verification.PostCoreExtensionBoundary
D0-RAW-ALPHA-ANALYTIC-RESIDUE-BOUNDARY-001,29.3,70,BALLAST,0,1,4,4,False,5.3,20.0,4.0,0.0,0.0,,,LEAN_PROVED_WITH_BRIDGE_ASSUMPTIONS,BRIDGE-ASSUMPTIONS-EXPLICIT,BOOK_02,D0.Spectral.RawSelfReadingAnalyticResidueBoundary
D0-FINITE-SPECTRAL-TRIPLE-REPRESENTATION-PASSPORT-001,29.3,55,BALLAST,0,1,0,,,5.3,6.0,18.0,0.0,0.0,,,PYTHON_CERTIFIED,PASSPORT-CLOSED,BOOK_04,
D0-HYPERCHARGE-FLOW-ORIGIN-PASSPORT-001,29.3,55,BALLAST,0,1,0,,,5.3,6.0,18.0,0.0,0.0,,,PYTHON_CERTIFIED,PASSPORT-CLOSED,BOOK_04,
D0-HORIZONLESS-ECHO-PASSPORT-001,29.3,55,BALLAST,0,1,0,,,5.3,6.0,18.0,0.0,0.0,,,PYTHON_CERTIFIED,PASSPORT-CLOSED,BOOK_07,
D0-HORIZON-HUM-EMPIRICAL-PASSPORT-001,29.3,55,BALLAST,0,1,0,,,5.3,6.0,18.0,0.0,0.0,,,PYTHON_CERTIFIED,PASSPORT-CLOSED,BOOK_07,
D0-SRC-NOGO-001,29.2,100,BALLAST,1,0,0,0,True,4.1,10.6,13.0,1.5,0.0,,,LEAN_PROVED,CORE_BRIDGE_SPLIT,BOOK_04/05,D0.Matter.NuclearShellContactSRC
D0-PHASON-CONTINUUM-ENVELOPE-OWNER-001,29.1,100,BALLAST,0,3,1,1,False,10.6,14.5,4.0,0.0,0.0,,,LEAN_PROVED,CERT-CLOSED,BOOK_08,D0.Cosmology.PhasonContinuumEnvelope
D0-COSMOLOGY-CONNECTIVITY-THRESHOLD-OWNER-001,29.0,100,BALLAST,0,4,0,0,True,12.3,12.7,4.0,0.0,0.0,,,LEAN_PROVED,CERT-CLOSED,BOOK_08,D0.Cosmology.ReheatingPercolationOwner
D0-VNEXT2-XI-MAXIMALITY-NOGO-001,29.0,100,BALLAST,0,0,1,1,False,0.0,9.0,20.0,0.0,0.0,,,LEAN_PROVED,NO-GO,BOOK_02,D0.VNext2.SceneNativeRefinementClassification
D0-VNEXT2-DIRAC-COVARIANCE-MAXIMALITY-NOGO-001,29.0,100,BALLAST,0,0,1,1,False,0.0,9.0,20.0,0.0,0.0,,,LEAN_PROVED,NO-GO,BOOK_02,D0.VNext2.SceneNativeRefinementClassification
D0-VNEXT2-SCENE-NATIVE-MAXIMALITY-OWNER-001,29.0,100,BALLAST,0,0,1,1,False,0.0,9.0,20.0,0.0,0.0,,,LEAN_PROVED,NO-GO,BOOK_02,D0.VNext2.SceneNativeRefinementClassification
D0-BRANCH-CP-READOUT-NOGO-V15,29.0,100,BALLAST,0,0,0,0,True,0.0,9.0,20.0,0.0,0.0,,,LEAN_PROVED,NO-GO,BOOK_04,D0.Integration.V15.BranchAudit
D0-HODGE-M1-REDUCTIO-001,29.0,70,BALLAST,0,0,1,1,False,0.0,20.0,9.0,0.0,0.0,,,LEAN_PROVED_WITH_BRIDGE_ASSUMPTIONS,BRIDGE-ASSUMPTIONS-EXPLICIT,BOOK_05,D0.Topology.HodgeAlgebraicRealization
D0-PVSNP-LYAPUNOV-M1-001,29.0,70,BALLAST,0,0,1,1,False,0.0,20.0,9.0,0.0,0.0,,,LEAN_PROVED_WITH_BRIDGE_ASSUMPTIONS,BRIDGE-ASSUMPTIONS-EXPLICIT,BOOK_05,D0.Complexity.HeatTraceLyapunov
D0-M1-HOMOLOGICAL-SCENE-READING-001,28.9,100,BALLAST,0,2,2,2,False,8.4,11.5,9.0,0.0,0.0,,,LEAN_PROVED,CORE-FORMALIZED,BOOK_01,D0.Synthesis.M1HomologicalSceneReading
D0-QUASI006-GALOIS-LORENTZ-SIGNATURE-001,28.8,100,BALLAST,1,0,1,1,False,4.1,20.0,4.0,0.8,0.0,,,LEAN_PROVED,CORE-FORMALIZED,BOOK_06/07/08,D0.Physics.GaloisLorentzSignature
D0-VNEXT-CANONICAL-XI-ANCHOR-OWNER-001,28.8,100,BALLAST,1,0,1,1,False,4.1,9.0,15.0,0.8,0.0,,,LEAN_PROVED,NO-GO,BOOK_02,D0.VNext.AFOneDimensionalReductionClassification
D0-TRANSPORT-NOT-GOLDEN-001,28.8,100,BALLAST,0,0,0,0,True,0.0,17.8,11.0,0.0,0.0,,,LEAN_PROVED,NO-GO,BOOK_02,D0.Spectral.TransportNotGolden
D0-ABCD-001,28.6,100,BALLAST,9,0,3,1,False,13.6,9.0,0.0,6.0,0.0,,,LEAN_PROVED,CORE-FORMALIZED,BOOK_01,D0.Core.DyadABCD
D0-OMEGA8-001,28.6,100,BALLAST,9,0,3,1,False,13.6,9.0,0.0,6.0,0.0,,,LEAN_PROVED,CORE-FORMALIZED,BOOK_01,D0.Core.DyadABCD
D0-PHI-FRACTAL-TICK-DYNAMICS-OWNER-001,28.5,100,BALLAST,2,1,3,3,False,6.5,17.2,4.0,0.8,0.0,,,LEAN_PROVED,CERT-CLOSED,BOOK_06,D0.Evolution.PhiFractalTickDynamics
D0-CONTINUOUS-TIME-SEMIGROUP-ENVELOPE-001,28.5,100,BALLAST,2,1,3,3,False,6.5,17.2,4.0,0.8,0.0,,,LEAN_PROVED,CERT-CLOSED,BOOK_06,D0.Evolution.PhiFractalTickDynamics
D0-MESON-POSITIVE-DEFECT-TRANSFER-001,28.4,100,BALLAST,1,0,4,4,False,4.1,20.0,4.0,0.3,0.0,,,LEAN_PROVED,CORE-FORMALIZED,BOOK_04,D0.Matter.MesonDefectTransferOrigin
D0-MIXING-HIERARCHY-INVERSION-001,28.4,100,BALLAST,0,4,0,0,True,12.3,12.1,4.0,0.0,0.0,,,LEAN_PROVED,CORE-FORMALIZED,BOOK_04,D0.Claims.MixingHierarchyInversion
D0-BSD-RANK-PASSPORT-001,28.4,100,BALLAST,0,2,1,1,False,8.4,20.0,0.0,0.0,0.0,,,LEAN_PROVED,CORE-FORMALIZED,BOOK_05,D0.Synthesis.BSDRankNullityPassport
D0-TIME-MODULAR-FLOW-OWNER-001,28.4,70,BALLAST,0,2,0,0,True,8.4,20.0,0.0,0.0,0.0,,,LEAN_PROVED_WITH_BRIDGE_ASSUMPTIONS,BRIDGE-ASSUMPTIONS-EXPLICIT,BOOK_06,D0.Bridge.TomitaTakesakiBridge
D0-NEUTRINO-DELTA-ALPHA-NORM-SQUARE-001,28.3,100,BALLAST,0,3,3,3,False,10.6,13.7,4.0,0.0,0.0,,,LEAN_PROVED,CERT-CLOSED,BOOK_02,D0.Spectral.AlphaFeshbachDixmierOwner
D0-BRIDGE-COMPRESSION-001,28.3,55,BALLAST,0,10,0,,,18.3,6.0,4.0,0.0,0.0,,,PYTHON_CERTIFIED,CERT-CLOSED,BOOK_05,
D0-TORUS-GENERATION-OVERLAP-001,28.2,100,BALLAST,3,0,2,2,False,8.2,14.5,4.0,1.5,0.0,,,LEAN_PROVED,CORE-FORMALIZED,BOOK_04,D0.Matter.GenerationOverlapResponseOrigin
D0-PHYSICAL-COMPARISON-REPRESENTATION-REDUCTION-001,28.2,45,DRIFT,0,3,7,5,False,10.6,17.6,0.0,0.0,0.0,,,LEAN_PROVED,PROOF-TARGET,BOOK_00/01,D0.Foundation.PhysicalComparisonRepresentation
D0-Z2-SPINOR-COVER-001,28.0,100,BALLAST,0,2,3,1,False,8.4,15.6,4.0,0.0,0.0,,,LEAN_PROVED,CORE-FORMALIZED,BOOK_02/03,D0.Synthesis.Z2SpinorCover
D0-CARRIER-NOT-ICOSAHEDRAL-001,28.0,100,BALLAST,0,2,0,0,True,8.4,15.6,4.0,0.0,0.0,,,LEAN_PROVED,CORE-FORMALIZED,BOOK_01,D0.Claims.CarrierNotIcosahedral
D0-LEPTON-GREEN-PUISEUX-OPERATOR-001,28.0,100,BALLAST,1,3,1,1,False,10.6,12.7,4.0,0.8,0.0,,,LEAN_PROVED,CERT-CLOSED,BOOK_04,D0.Matter.LeptonGreenPuiseuxOwner
D0-BRATTELI-FIBONACCI-REFINEMENT-OWNER-001,28.0,100,BALLAST,1,3,1,1,False,10.6,12.7,4.0,0.8,0.0,,,LEAN_PROVED,CERT-CLOSED,BOOK_02,D0.Geometry.FibonacciBratteliRefinement
D0-VNEXT-AF-GNS-ISOMETRY-OWNER-001,28.0,100,BALLAST,0,3,1,1,False,10.6,13.4,4.0,0.0,0.0,,,LEAN_PROVED,CERT-CLOSED,BOOK_02,D0.VNext.PerronGNSTower
D0-ECHO-DELAY-COMPACTNESS-OWNER-001,28.0,100,BALLAST,0,2,0,0,True,8.4,15.6,4.0,0.0,0.0,,,LEAN_PROVED,CERT-CLOSED,BOOK_07,D0.Gravity.HorizonlessEchoDelay
D0-COMPLETION-ADMISSIBILITY-001,28.0,100,BALLAST,1,1,0,0,True,5.3,17.2,4.0,1.5,0.0,,,LEAN_PROVED,CERT-CLOSED,BOOK_05,D0.Extensions.CompletionAdmissibility
D0-REHEATING-PERCOLATION-OWNER-001,27.3,100,BALLAST,0,3,0,0,True,10.6,12.7,4.0,0.0,0.0,,,LEAN_PROVED,CERT-CLOSED,BOOK_08,D0.Cosmology.ReheatingPercolationOwner
D0-SELF-READING-NO-STIPULATION-001,27.3,100,BALLAST,0,1,1,1,False,5.3,9.0,13.0,0.0,0.0,,,LEAN_PROVED,CERT-CLOSED,BOOK_00,D0.SelfReading.SelfReadingNoStipulation
D0-CKM-EXACT-001,27.1,100,BALLAST,0,1,0,0,True,5.3,17.8,4.0,0.0,0.0,,,LEAN_PROVED,CORE-FORMALIZED,BOOK_04,D0.Claims.CkmExactMatrix
D0-CASCADE-FLOOR-SCALE-RATIO-001,27.0,100,BALLAST,4,1,1,1,False,9.5,14.5,0.0,3.0,0.0,,,LEAN_PROVED,CORE-FORMALIZED,BOOK_01,D0.Foundation.CascadeFloorScaleRatio
D0-PI0-DISCRETE-ANGLE-001,26.9,100,BALLAST,0,2,1,1,False,8.4,14.5,4.0,0.0,0.0,,,LEAN_PROVED,CORE-FORMALIZED,BOOK_04,D0.Geometry.Pi0DiscreteAngle
D0-CMB-NS-LAPLACIAN-IDS-OWNER-001,26.9,100,BALLAST,0,2,0,0,True,8.4,14.5,4.0,0.0,0.0,,,LEAN_PROVED,CERT-CLOSED,BOOK_08,D0.Cosmology.CMBLaplacianIDS
D0-DSIGMA-CANONICAL-ROLE-ADDRESS-OWNER-001,26.9,100,BALLAST,0,2,0,0,True,8.4,14.5,4.0,0.0,0.0,,,LEAN_PROVED,CERT-CLOSED,BOOK_04,D0.Matter.DSigmaRoleTransitionGraph
D0-GAUGE-MATTER-002,26.8,100,BALLAST,1,4,0,0,True,12.3,9.0,4.0,1.5,0.0,,,LEAN_PROVED,CORE-FORMALIZED,BOOK_02/04,D0.Gauge.AnomalySums
D0-PHASE-TOWER-001,26.8,100,BALLAST,0,0,0,0,True,0.0,17.8,9.0,0.0,0.0,,,LEAN_PROVED,CORE-FORMALIZED,BOOK_01/02,D0.Combinatorics.PhaseTowerMinimality
D0-CONNECTIVITY-SPECTRAL-GAP-SPEED-001,26.8,100,BALLAST,0,3,0,0,True,10.6,12.2,4.0,0.0,0.0,,,LEAN_PROVED,CERT-CLOSED,BOOK_06,D0.Cosmology.CLightconePercolationOwner
D0-ARCHIVE-REGULAR-REFINEMENT-NOGO-001,26.8,100,BALLAST,0,0,0,0,True,0.0,6.8,20.0,0.0,0.0,,,LEAN_PROVED,NO-GO,BOOK_01,D0.Integration.V15.Refinement
D0-LUCAS-DEFECT-SIGN-001,26.8,100,BALLAST,1,1,0,0,True,5.3,20.0,0.0,1.5,0.0,,,LEAN_PROVED,CORE-FORMALIZED,BOOK_01,D0.Foundation.LucasDefectSign
D0-ALPHA-MU2-FULL-LEDGER-001,26.8,55,BALLAST,0,8,0,,,16.8,6.0,4.0,0.0,0.0,,,PYTHON_CERTIFIED,CERT-CLOSED,BOOK_02/04,
D0-PHI-LADDER-SEMIGROUP-001,26.8,55,BALLAST,0,8,0,,,16.8,6.0,4.0,0.0,0.0,,,PYTHON_CERTIFIED,CERT-CLOSED,BOOK_06,
D0-TOP-HODGE-KIRCHHOFF-STATIONARY-BRIDGE-001,26.7,100,BALLAST,1,3,16,6,False,10.6,15.9,0.0,0.2,0.0,,,LEAN_PROVED,CORE-FORMALIZED,BOOK_01/02/08,D0.Synthesis.TopHodgeKirchhoffStationaryBridge
D0-IF-KS-FORMULA-FIX-001,26.7,100,BALLAST,0,5,1,1,False,13.7,9.0,4.0,0.0,0.0,,,LEAN_PROVED,CORE-FORMALIZED,BOOK_09,D0.Claims.FibonacciIfBridge;D0.Claims.FibonacciFusionRing
D0-REHEATING-HEAT-TRACE-JUMP-001,26.7,100,BALLAST,0,4,0,0,True,12.3,10.4,4.0,0.0,0.0,,,LEAN_PROVED,CERT-CLOSED,BOOK_08,D0.Cosmology.ReheatingHeatTraceJump
D0-ALPHA-SEAM-FORM-FORCED-001,26.7,5,DRIFT,0,5,0,,,13.7,0.0,13.0,0.0,0.0,,,OPEN,PROOF-TARGET,BOOK_02,
D0-DARK-EOS-DISCRETE-SET-001,26.6,100,BALLAST,0,1,2,2,False,5.3,12.3,9.0,0.0,0.0,,,LEAN_PROVED,CORE_BRIDGE_SPLIT,BOOK_08,D0.Synthesis.RoleOrientationEOS;D0.Synthesis.DarkEOSDiscreteSet;D0.Synthesis.LambdaCDMExcluded;D0.Synthesis.RoleModelDiscrimination;D0.Synthesis.RoleAssignmentNarrowing;D0.Synthesis.DarkEOSMagnitudeFree
D0-LEFSCHETZ-ZONE-EXCLUSION-001,26.6,100,BALLAST,0,0,0,0,True,0.0,17.6,9.0,0.0,0.0,,,LEAN_PROVED,CORE-FORMALIZED,BOOK_01,D0.Synthesis.LefschetzZoneExclusion
D0-SCENE-001,26.4,100,BALLAST,0,6,0,0,True,14.9,11.5,0.0,0.0,0.0,,,LEAN_PROVED,CORE-FORMALIZED,BOOK_01/02,D0.Combinatorics.Tripartite
D0-LEPTON-RIEMANN-HURWITZ-BRANCH-INDEX-001,26.3,100,BALLAST,0,1,1,1,False,5.3,17.0,4.0,0.0,0.0,,,LEAN_PROVED,CERT-CLOSED,BOOK_04,D0.Matter.LeptonRiemannHurwitzBranchIndex
D0-SPECTRAL-ACTION-ADMISS-001,26.3,55,BALLAST,6,0,8,4,False,11.5,9.0,4.0,1.8,0.0,,,PYTHON_CERTIFIED,CERT-CLOSED,BOOK_07,D0.Geometry.SpectralActionAdmissibility
D0-HYPERCHARGE-FLOW-LATTICE-001,26.2,100,BALLAST,1,2,0,0,True,8.4,12.3,4.0,1.5,0.0,,,LEAN_PROVED,CERT-CLOSED,BOOK_04,D0.Matter.HyperchargeFlowLattice
D0-ZONE-IS-GENERATION-001,26.2,100,BALLAST,0,0,1,1,False,0.0,17.2,9.0,0.0,0.0,,,LEAN_PROVED,CORE-FORMALIZED,BOOK_04,D0.Synthesis.ZoneIsGeneration
D0-X5-EXTENSION-001,26.1,100,BALLAST,2,1,0,0,True,6.5,12.7,4.0,3.0,0.0,,,LEAN_PROVED,CERT-CLOSED,BOOK_00,D0.Extensions.X5.Base
D0-OPERATOR-EDGE-STIFFNESS-ORIGIN-001,26.0,100,BALLAST,3,0,2,2,False,8.2,16.3,0.0,1.5,0.0,,,LEAN_PROVED,CORE-FORMALIZED,BOOK_08,D0.Geometry.EdgeStiffnessOrigin
D0-NOGO-LIGO-DISCOVERY-001,26.0,55,BALLAST,0,0,0,,,0.0,6.0,20.0,0.0,0.0,,,PYTHON_CERTIFIED,NO-GO,BOOK_07,
D0-GRAVASTAR-GW-FALSIFIER-001,26.0,55,BALLAST,0,0,0,,,0.0,6.0,20.0,0.0,0.0,,,PYTHON_CERTIFIED,EMPIRICAL-PASSPORT,BOOK_09,
D0-GAP-LABEL-GENERICITY-NOGO-001,26.0,55,BALLAST,0,0,0,,,0.0,6.0,20.0,0.0,0.0,,,PYTHON_CERTIFIED,NO-GO,BOOK_02,
D0-VNEXT-33-SCENE-ANCHOR-OWNER-001,25.9,100,BALLAST,3,2,0,0,True,8.4,9.0,4.0,4.5,0.0,,,LEAN_PROVED,CORE_BRIDGE_SPLIT,BOOK_02,D0.VNext.AFSceneAnchorDimensionAudit
D0-MASTER-EVOLUTION-001,25.8,100,BALLAST,1,1,22,9,False,5.3,16.3,4.0,0.2,0.0,,,LEAN_PROVED,CORE-FORMALIZED,BOOK_00/01/03/06/07/08,D0.Dynamics.MasterEvolutionTheorem
D0-HULL-001,25.8,100,BALLAST,0,3,1,1,False,10.6,11.2,4.0,0.0,0.0,,,LEAN_PROVED,CORE-FORMALIZED,BOOK_00/01,D0.Claims.KTheoryGapModule
D0-CANONICAL-RENORMALIZATION-SPECTRAL-TOWER-001,25.8,100,BALLAST,1,2,1,1,False,8.4,12.7,4.0,0.8,0.0,,,LEAN_PROVED,CERT-CLOSED,BOOK_02,D0.Geometry.FibonacciBratteliRefinement
D0-RAW-COMMUTANT-WEDDERBURN-001,25.8,100,BALLAST,3,3,1,1,False,10.6,9.0,4.0,2.2,0.0,,,LEAN_PROVED,CERT-CLOSED,BOOK_04,D0.Extensions.RawCommutantWedderburn
D0-VNEXT-ISOMETRIC-DIRAC-TOWER-OWNER-001,25.8,45,DRIFT,0,2,1,1,False,8.4,13.4,4.0,0.0,0.0,,,LEAN_PROVED,PROOF-TARGET,BOOK_02,D0.VNext.PerronGNSTower
D0-COSMO-ZERO-MEAN-UNDERDENSE-001,25.6,100,BALLAST,1,0,0,0,True,4.1,20.0,0.0,1.5,0.0,,,LEAN_PROVED,CORE-FORMALIZED,BOOK_08,D0.Cosmology.ZeroMeanModes
D0-COSMO-TRANSIENT-ACCELERATION-001,25.6,100,BALLAST,1,0,0,0,True,4.1,20.0,0.0,1.5,0.0,,,LEAN_PROVED,CORE-FORMALIZED,BOOK_08,D0.Cosmology.TransientAcceleration
D0-COSMO-JACOBIAN-INSTABILITY-001,25.6,100,BALLAST,1,0,0,0,True,4.1,20.0,0.0,1.5,0.0,,,LEAN_PROVED,CORE-FORMALIZED,BOOK_08,D0.Cosmology.LinearizedEntropyFlow
D0-COSMO-JACOBIAN-SIGN-001,25.6,100,BALLAST,1,0,0,0,True,4.1,20.0,0.0,1.5,0.0,,,LEAN_PROVED,CORE-FORMALIZED,BOOK_08,D0.Cosmology.EntropyJacobianSign
D0-COSMO-FLOOR-PROJECTION-001,25.6,100,BALLAST,1,0,0,0,True,4.1,20.0,0.0,1.5,0.0,,,LEAN_PROVED,CORE-FORMALIZED,BOOK_08,D0.Cosmology.FloorMassProjection
D0-GAUGE-YANG-MILLS-KILLING-POSITIVITY-001,25.6,70,BALLAST,1,0,0,0,True,4.1,20.0,0.0,1.5,0.0,,,LEAN_PROVED_WITH_BRIDGE_ASSUMPTIONS,BRIDGE-ASSUMPTIONS-EXPLICIT,BOOK_08,D0.Gauge.YangMillsKillingPositivity
D0-GENERATION-RAYS-001,25.5,100,BALLAST,0,0,1,1,False,0.0,14.5,11.0,0.0,0.0,,,LEAN_PROVED,NO_GO_PROVED,BOOK_04,D0.Spectrum.GenerationSpectralRays
D0-TORAL-LUCAS-PERIODIC-SEED-OWNER-001,25.5,100,BALLAST,1,3,2,2,False,10.6,10.4,4.0,0.5,0.0,,,LEAN_PROVED,CERT-CLOSED,BOOK_01,D0.Geometry.ToralLucasPeriodicSeed
D0-GRAPH-SPACE-NO-ISOMETRY-001,25.5,100,BALLAST,0,0,0,0,True,0.0,14.5,11.0,0.0,0.0,,,LEAN_PROVED,NO-GO,BOOK_01,D0.Foundation.GraphSpaceNoIsometry
D0-ALPHA-ZETA-RESIDUE-001,25.3,100,BALLAST,0,4,1,1,False,12.3,9.0,4.0,0.0,0.0,,,LEAN_PROVED,CORE-FORMALIZED,BOOK_03,D0.Spectral.ZetaResidueAlpha
D0-FORGETTING-CHANNEL-PTP-001,25.3,100,BALLAST,0,1,0,0,True,5.3,20.0,0.0,0.0,0.0,,,LEAN_PROVED,CORE-FORMALIZED,BOOK_06,D0.Probability.ForgettingChannelPTP
D0-BARYON-ASYMMETRY-DELTA0-001,25.3,100,BALLAST,0,4,0,0,True,12.3,9.0,4.0,0.0,0.0,,,LEAN_PROVED,CERT-CLOSED,BOOK_04,D0.Matter.TickS3BaryonAsymmetry
D0-SM-ANOMALY-CANCELLATION-OWNER-001,25.3,100,BALLAST,0,4,1,1,False,12.3,9.0,4.0,0.0,0.0,,,LEAN_PROVED,CERT-CLOSED,BOOK_04,D0.Matter.HyperchargeGraphFlowOwner
D0-FIVE-PRIMITIVE-DEPENDENCE-001,25.3,100,BALLAST,1,1,0,0,True,5.3,14.5,4.0,1.5,0.0,,,LEAN_PROVED,CERT-CLOSED,BOOK_05,D0.Extensions.FivePrimitiveSemanticDependence
D0-LEPTON-WITNESS-BRANCH-001,25.3,100,BALLAST,0,0,0,0,True,0.0,16.3,9.0,0.0,0.0,,,LEAN_PROVED,CORE-FORMALIZED,BOOK_03/04,D0.TasksCenterAttack.LeptonWitnessBranchConstruction
D0-ZONE-COUNT-MULTIPLICATIVE-001,25.3,100,BALLAST,0,0,0,0,True,0.0,16.3,9.0,0.0,0.0,,,LEAN_PROVED,CORE-FORMALIZED,BOOK_01,D0.Synthesis.ZoneCountFromSpectrum;D0.Synthesis.ZoneCountCompleteness
D0-EQUIVARIANT-MATRIX-STRUCTURE-001,25.3,100,BALLAST,0,1,3,3,False,5.3,20.0,0.0,0.0,0.0,,,LEAN_PROVED,CORE-FORMALIZED,BOOK_02,D0.Synthesis.EquivariantMatrixStructure
D0-RIEMANN-AXIS-M1-001,25.3,70,BALLAST,0,0,1,1,False,0.0,16.3,9.0,0.0,0.0,,,LEAN_PROVED_WITH_BRIDGE_ASSUMPTIONS,BRIDGE-ASSUMPTIONS-EXPLICIT,BOOK_05,D0.Spectral.CriticalAxisM1
D0-ARCHIVE-LAPLACIAN-001,25.2,100,BALLAST,1,2,2,2,False,8.4,16.3,0.0,0.5,0.0,,,LEAN_PROVED,CORE-FORMALIZED,BOOK_07,D0.Geometry.ArchiveLaplacianProperties
D0-POSTCORE-EXTENSION-CATEGORY-001,25.2,100,BALLAST,0,1,0,0,True,5.3,15.9,4.0,0.0,0.0,,,LEAN_PROVED,CERT-CLOSED,BOOK_05,D0.Extensions.AdmissibleExtensionCategory
D0-NONABELIAN-SEAM-001,25.1,100,BALLAST,0,2,0,0,True,8.4,12.7,4.0,0.0,0.0,,,LEAN_PROVED,CORE-FORMALIZED,BOOK_08,D0.Claims.NonabelianSeamGap
D0-GAP-LABELING-OWNER-EDGE-001,25.1,55,BALLAST,0,2,0,,,8.4,6.0,4.0,0.0,6.7,,"Bellissard gap labelling is measurable in Fibonacci quasicrystals, so this is the one laboratory-accessible channel the corpus touches. DEMOTED 2026-07 from weight 3: the D0 label set was checked and is the GENERIC module Z+Z/phi, identical for any Fibonacci hull, so it discriminates nothing (D0-GAP-LABEL-GENERICITY-NOGO-001). The channel stays open only if a forced gap-opening SUBSET is derived.",PYTHON_CERTIFIED,CERT-CLOSED,BOOK_07/01,
D0-Q8-TERMINAL-FOURIER-001,24.9,100,BALLAST,2,1,0,0,True,6.5,11.4,4.0,3.0,0.0,,,LEAN_PROVED,CORE-FORMALIZED,BOOK_01,D0.UnifiedFiniteCore.Q8Terminal
D0-COMPACTNESS-LIMIT-001,24.9,55,BALLAST,0,6,0,,,14.9,6.0,4.0,0.0,0.0,,,PYTHON_CERTIFIED,CERT-CLOSED,BOOK_07,
D0-CONNES-DISTANCE-GEODESIC-001,24.9,55,BALLAST,0,6,0,,,14.9,6.0,4.0,0.0,0.0,,,PYTHON_CERTIFIED,CERT-CLOSED,BOOK_07,
D0-DELTA-ALPHA-SEAM-CLOSED-001,24.9,55,BALLAST,0,6,0,,,14.9,6.0,4.0,0.0,0.0,,,PYTHON_CERTIFIED,CERT-CLOSED,BOOK_02,
D0-VNEXT-AF-D0-FESHBACH-COMPRESSION-OWNER-001,24.9,55,BALLAST,0,6,0,,,14.9,6.0,4.0,0.0,0.0,,,PYTHON_CERTIFIED,CERT-CLOSED,BOOK_02,
D0-GAP-W-COPY-CAP-M1-001,24.9,45,DRIFT,0,0,10,3,False,0.0,15.9,9.0,0.0,0.0,,,LEAN_PROVED,PROOF-TARGET,BOOK_01,D0.Core.WitnessForcing
D0-CARRIER-FULL-FORCING-001,24.7,100,BALLAST,0,0,1,1,False,0.0,11.7,13.0,0.0,0.0,,,LEAN_PROVED,CORE-FORMALIZED,BOOK_01/03,D0.Synthesis.CarrierForcing
D0-LEPTON-INDIRECT-COEFFICIENT-OWNER-001,24.7,5,DRIFT,0,14,0,,,20.7,0.0,4.0,0.0,0.0,,,OPEN,PROOF-TARGET,BOOK_04,
D0-HYPERCHARGE-GRAPH-FLOW-OWNER-001,24.7,5,DRIFT,0,14,0,,,20.7,0.0,4.0,0.0,0.0,,,OPEN,PROOF-TARGET,BOOK_04,
D0-ARCHIVE-STRESS-REP-001,24.6,100,BALLAST,1,0,3,2,False,4.1,20.0,0.0,0.5,0.0,,,LEAN_PROVED,CORE-FORMALIZED,BOOK_07,D0.Geometry.ArchiveStressRepresentative
D0-COSMO-VOLUME-FLOOR-BOUND-001,24.6,100,BALLAST,1,0,2,2,False,4.1,20.0,0.0,0.5,0.0,,,LEAN_PROVED,CORE-FORMALIZED,BOOK_08,D0.Cosmology.ArchiveVolumeBounds
D0-COSMO-CONCRETE-FLOW-001,24.6,100,BALLAST,1,0,2,2,False,4.1,20.0,0.0,0.5,0.0,,,LEAN_PROVED,CORE-FORMALIZED,BOOK_08,D0.Cosmology.ConcreteEntropyArchiveFlow
D0-C-LIGHTCONE-PERCOLATION-OWNER-001,24.6,100,BALLAST,0,2,0,0,True,8.4,12.2,4.0,0.0,0.0,,,LEAN_PROVED,CERT-CLOSED,BOOK_06,D0.Cosmology.CLightconePercolationOwner
D0-QM-BORN-001,24.6,70,BALLAST,1,0,2,2,False,4.1,20.0,0.0,0.5,0.0,,,LEAN_PROVED_WITH_BRIDGE_ASSUMPTIONS,BRIDGE-ASSUMPTIONS-EXPLICIT,BOOK_02,D0.Born
D0-QM-BORN-002,24.6,70,BALLAST,1,0,2,2,False,4.1,20.0,0.0,0.5,0.0,,,LEAN_PROVED_WITH_BRIDGE_ASSUMPTIONS,BRIDGE-ASSUMPTIONS-EXPLICIT,BOOK_02,D0.Born
D0-INTRINSIC-QUOTIENT-RECONSTRUCTION-001,24.5,100,BALLAST,1,4,10,4,False,12.3,11.9,0.0,0.3,0.0,,,LEAN_PROVED,CORE-FORMALIZED,BOOK_01/02/04/08,D0.Synthesis.IntrinsicQuotientReconstruction
D0-MATTER-SOURCE-NEUTRALITY-001,24.5,100,BALLAST,1,0,5,3,False,4.1,20.0,0.0,0.4,0.0,,,LEAN_PROVED,CORE-FORMALIZED,BOOK_04/08,D0.Matter.GeneratedMatterSource
D0-WINDOW44-GROUP-SPECTRUM-001,24.5,100,BALLAST,1,2,0,0,True,8.4,10.6,4.0,1.5,0.0,,,LEAN_PROVED,CORE-FORMALIZED,BOOK_01/04,D0.Claims.Window44GroupSpectrum
D0-INTERPRETATION-SPINE-001,24.3,100,BALLAST,1,0,20,6,False,4.1,20.0,0.0,0.2,0.0,,,LEAN_PROVED,CORE_BRIDGE_SPLIT,BOOK_00/08,D0.Bridge.InterpretationSpine
D0-EW-WINDOW-FORCING-001,24.3,55,BALLAST,0,1,0,,,5.3,6.0,13.0,0.0,0.0,,,PYTHON_CERTIFIED,CERT-CLOSED,BOOK_07,
D0-SUBCRITICAL-TRACE-CLASS-001,24.1,100,BALLAST,0,1,10,5,False,5.3,18.8,0.0,0.0,0.0,,,LEAN_PROVED,CORE-FORMALIZED,BOOK_02,D0.Spectral.SubcriticalTraceClass
D0-ARCHIVE-ACTION-001,24.0,100,BALLAST,0,0,1,1,False,0.0,20.0,4.0,0.0,0.0,,,LEAN_PROVED,CORE-FORMALIZED,BOOK_07,D0.Geometry.ArchiveActionFunctional
D0-CVFT-F6,24.0,100,BALLAST,0,0,0,0,True,0.0,20.0,4.0,0.0,0.0,,,LEAN_PROVED,CORE_BRIDGE_SPLIT,BOOK_04/07,D0.VNext2.GaugeBoundaryCommutator
D0-CVFT-F7,24.0,100,BALLAST,0,0,0,0,True,0.0,20.0,4.0,0.0,0.0,,,LEAN_PROVED,CERT-CLOSED,BOOK_07,D0.CVFT.BoundaryRankLocalization
D0-GRAV-005,24.0,100,BALLAST,0,0,1,1,False,0.0,20.0,4.0,0.0,0.0,,,LEAN_PROVED,CORE-FORMALIZED,BOOK_07,D0.Gravity.OpticalJetBackreaction
D0-IM-COSMO-004,24.0,100,BALLAST,0,0,2,2,False,0.0,20.0,4.0,0.0,0.0,,,LEAN_PROVED,CORE-FORMALIZED,BOOK_08,D0.IM.LogdetSecondResponse
D0-QUANT-MET-001,24.0,100,BALLAST,0,0,1,1,False,0.0,20.0,4.0,0.0,0.0,,,LEAN_PROVED,CORE-FORMALIZED,METROLOGY,D0.Metrology.QuantumLimits
D0-NOAXION-001,24.0,100,BALLAST,0,0,0,0,True,0.0,20.0,4.0,0.0,0.0,,,LEAN_PROVED,CORE-FORMALIZED,BOOK_05/08,D0.Topology.FiniteCochainNoAxion
D0-BOOK04-SELECTORS-001,24.0,100,BALLAST,0,0,0,0,True,0.0,20.0,4.0,0.0,0.0,,,LEAN_PROVED,CORE-FORMALIZED,BOOK_04,D0.Claims.Book04Selectors
D0-VNEXT-JOINT-DIRAC-SCALE-SELECTION-OWNER-001,24.0,100,BALLAST,0,0,0,0,True,0.0,9.0,15.0,0.0,0.0,,,LEAN_PROVED,NO-GO,BOOK_02,D0.VNext.AFD0SpectralInvariantComparison
D0-VNEXT2-SCENE-NATIVE-REFINEMENT-OWNER-001,24.0,100,BALLAST,0,0,1,1,False,0.0,9.0,15.0,0.0,0.0,,,LEAN_PROVED,NO-GO,BOOK_02,D0.VNext2.SceneNativeRefinementClassification
D0-VNEXT2-TRIPARTITE-PATH-TOWER-OWNER-001,24.0,100,BALLAST,0,0,1,1,False,0.0,9.0,15.0,0.0,0.0,,,LEAN_PROVED,NO-GO,BOOK_02,D0.VNext2.SceneNativeRefinementClassification
D0-VNEXT2-SCENE-XI-INTERTWINER-OWNER-001,24.0,100,BALLAST,0,0,1,1,False,0.0,9.0,15.0,0.0,0.0,,,LEAN_PROVED,NO-GO,BOOK_02,D0.VNext2.SceneNativeRefinementClassification
D0-VNEXT2-SCENE-NATIVE-CLOSURE-BOUNDARY-001,24.0,100,BALLAST,0,0,1,1,False,0.0,9.0,15.0,0.0,0.0,,,LEAN_PROVED,NO-GO,BOOK_02,D0.VNext2.SceneNativeRefinementClassification
D0-CARRIER-003,24.0,70,BALLAST,0,0,0,0,True,0.0,20.0,4.0,0.0,0.0,,,LEAN_PROVED_WITH_BRIDGE_ASSUMPTIONS,CORE_BRIDGE_SPLIT,D0_OPERATOR_BRIDGE_TRIPLE_CLOSURE,D0.Algebra.Clifford
D0-SMOOTH-001,24.0,70,BALLAST,0,0,0,0,True,0.0,20.0,4.0,0.0,0.0,,,LEAN_PROVED_WITH_BRIDGE_ASSUMPTIONS,BRIDGE-ASSUMPTIONS-EXPLICIT,D0_OPERATOR_BRIDGE_TRIPLE_CLOSURE,D0.Bridge.SmoothMetricBridge
D0-PASSPORT-CORE13-001,24.0,55,BALLAST,0,0,0,,,0.0,6.0,18.0,0.0,0.0,,,PYTHON_CERTIFIED,EMPIRICAL-PASSPORT,BOOK_04,
D0-PASSPORT-PDG-STRICT-001,24.0,55,BALLAST,0,0,0,,,0.0,6.0,18.0,0.0,0.0,,,PYTHON_CERTIFIED,EMPIRICAL-PASSPORT,BOOK_04/05,
D0-PMNS-DELTA0-NUFIT-001,24.0,55,BALLAST,0,0,0,,,0.0,6.0,18.0,0.0,0.0,,,PYTHON_CERTIFIED,EMPIRICAL-PASSPORT,BOOK_04,
D0-HIGGS-CUBE-DIAGONAL-001,24.0,55,BALLAST,0,0,0,,,0.0,6.0,18.0,0.0,0.0,,,PYTHON_CERTIFIED,BRIDGE-CALIBRATION,BOOK_04,
D0-SMOOTH-QUANTUM-METRIC-PASSPORT-001,24.0,55,BALLAST,0,0,0,,,0.0,6.0,18.0,0.0,0.0,,,PYTHON_CERTIFIED,PASSPORT-CLOSED,BOOK_07,
D0-ECHO-NEGATIVE-CONTROL-PROTOCOL-001,24.0,55,BALLAST,0,0,0,,,0.0,6.0,18.0,0.0,0.0,,,PYTHON_CERTIFIED,PASSPORT-CLOSED,BOOK_07,
D0-SMOOTH-MANIFOLD-FORMALISM-PASSPORT-001,24.0,55,BALLAST,0,0,0,,,0.0,6.0,18.0,0.0,0.0,,,PYTHON_CERTIFIED,PASSPORT-CLOSED,BOOK_07,
D0-COMPOSITION-REAL-QUOTIENT-EQUIVALENCE-001,24.0,55,BALLAST,0,0,0,,,0.0,6.0,18.0,0.0,0.0,,,PYTHON_CERTIFIED,PASSPORT-CLOSED,BOOK_02,
D0-UNIFIED-EDGE-SPINE-001,24.0,45,DRIFT,0,0,3,1,False,0.0,20.0,4.0,0.0,0.0,,,LEAN_PROVED,PROOF-TARGET,BOOK_04,D0.UnifiedFiniteCore.UnifiedTheorem
D0-COMPLETION-RESIDUAL-COLLAPSE-001,23.9,45,DRIFT,0,1,2,2,False,5.3,18.6,0.0,0.0,0.0,,,LEAN_PROVED,PROOF-TARGET,BOOK_04,D0.Representation.CompletionResidualCollapse
D0-UNITY-SPLIT-SPACETIME-001,23.8,100,BALLAST,0,1,1,1,False,5.3,14.5,4.0,0.0,0.0,,,LEAN_PROVED,CERT-CLOSED,BOOK_01,D0.Synthesis.UnitySplitSpacetime
D0-TOTAL-EXTENSION-PRIMITIVES-MINIMALITY-001,23.8,100,BALLAST,0,0,0,0,True,0.0,10.8,13.0,0.0,0.0,,,LEAN_PROVED,CERT-CLOSED,BOOK_00,D0.Verification.TotalExtensionPrimitiveMinimality
D0-X5-ALPHA-BOUNDARY-001,23.8,70,BALLAST,0,1,5,4,False,5.3,14.5,4.0,0.0,0.0,,,LEAN_PROVED_WITH_BRIDGE_ASSUMPTIONS,BRIDGE-ASSUMPTIONS-EXPLICIT,BOOK_02,D0.Extensions.X5.AlphaBoundary
D0-QUASI002-PHASON-STRAIN-GENERATIONS-BARYON-001,23.7,100,BALLAST,2,0,1,1,False,6.5,11.8,4.0,1.5,0.0,,,LEAN_PROVED,CORE-FORMALIZED,BOOK_02/04/05/08,D0.Matter.PhasonStrainGenerations
D0-BARYON-S3-SYM-001,23.7,100,BALLAST,2,0,1,1,False,6.5,11.8,4.0,1.5,0.0,,,LEAN_PROVED,CORE-FORMALIZED,BOOK_04,D0.Matter.PhasonStrainGenerations
D0-EDGE-COVER-FAMILY-001,23.7,100,BALLAST,0,0,0,0,True,0.0,12.7,11.0,0.0,0.0,,,LEAN_PROVED,NO-GO,BOOK_04,D0.Integration.V15.EdgeAudit
D0-METRO-002,23.7,55,BALLAST,0,5,0,,,13.7,6.0,4.0,0.0,0.0,,,PYTHON_CERTIFIED,CERT-CLOSED,METROLOGY,
D0-ALPHA-ALG-CLOSED-001,23.7,55,BALLAST,0,5,0,,,13.7,6.0,4.0,0.0,0.0,,,PYTHON_CERTIFIED,CERT-CLOSED,BOOK_02,
D0-YUKAWA-SHELL-OVERLAP-MATRIX-001,23.6,100,BALLAST,0,3,0,0,True,10.6,9.0,4.0,0.0,0.0,,,LEAN_PROVED,CERT-CLOSED,BOOK_04,D0.Matter.YukawaShellOverlapMatrix
D0-DARK-RATIO-TRANSFER-OWNER-001,23.6,100,BALLAST,0,2,0,0,True,8.4,11.2,4.0,0.0,0.0,,,LEAN_PROVED,CERT-CLOSED,BOOK_08,D0.Cosmology.DarkArchiveTransfer
D0-ARCHIVE-PHASON-METRIC-TRANSFER-OWNER-001,23.6,100,BALLAST,0,2,0,0,True,8.4,11.2,4.0,0.0,0.0,,,LEAN_PROVED,CERT-CLOSED,BOOK_08,D0.Cosmology.DarkArchiveTransfer
D0-COSMOLOGY-INTERNAL-TRANSFER-COMPOSITION-001,23.6,100,BALLAST,0,2,0,0,True,8.4,11.2,4.0,0.0,0.0,,,LEAN_PROVED,CERT-CLOSED,BOOK_08,D0.Cosmology.DarkArchiveTransfer
D0-AUTOMORPHISM-HODGE-SDE-DECOMPOSITION-001,23.3,100,BALLAST,0,3,22,7,False,10.6,12.7,0.0,0.0,0.0,,,LEAN_PROVED,CORE-FORMALIZED,BOOK_01/02/08,D0.Synthesis.AutomorphismHodgeSDEDecomposition
D0-TORUS-SHELL-ATTACHMENT-001,23.3,100,BALLAST,1,0,1,1,False,4.1,18.4,0.0,0.8,0.0,,,LEAN_PROVED,CORE-FORMALIZED,BOOK_04/06,D0.Geometry.TorusShellAttachment
D0-CASCADE-CHAIN-SCAFFOLD-001,23.3,100,BALLAST,2,1,5,2,False,6.5,15.9,0.0,1.0,0.0,,,LEAN_PROVED,CORE-FORMALIZED,BOOK_01,D0.Foundation.CascadeChain
D0-DELONE-PHI-001,23.1,100,BALLAST,0,1,2,2,False,5.3,17.8,0.0,0.0,0.0,,,LEAN_PROVED,CORE-FORMALIZED,BOOK_01,D0.Topology.DeloneInstance
D0-AMS-HEAVY-NUCLEI-PASSPORT-001,23.0,100,BALLAST,0,0,0,0,True,0.0,9.0,14.0,0.0,0.0,,,LEAN_PROVED,EMPIRICAL-PASSPORT,BOOK_05,D0.Integration.V15.PhysicalBoundary
D0-CMB-PHASON-SPECTRUM-OWNER-001,23.0,5,DRIFT,0,11,0,,,19.0,0.0,4.0,0.0,0.0,,,OPEN,PROOF-TARGET,BOOK_08,
D0-TORAL-INTEGRAL-CONJUGACY-OWNER-001,22.9,100,BALLAST,2,2,1,1,False,8.4,9.0,4.0,1.5,0.0,,,LEAN_PROVED,CERT-CLOSED,BOOK_01,D0.Geometry.ToralIntegralConjugacy
D0-JY-NONCOMMUTATIVE-ORDER-OBSTRUCTION-001,22.7,100,BALLAST,2,1,1,1,False,6.5,10.7,4.0,1.5,0.0,,,LEAN_PROVED,CERT-CLOSED,BOOK_06,D0.Evolution.JYNoncommutativeOrderObstruction
D0-TIME-ARROW-ORDERED-SELF-READOUT-001,22.7,100,BALLAST,2,1,1,1,False,6.5,10.7,4.0,1.5,0.0,,,LEAN_PROVED,CERT-CLOSED,BOOK_06,D0.Evolution.JYNoncommutativeOrderObstruction
D0-ROOT-OPERATOR-SEMANTIC-DEPENDENCE-001,22.7,100,BALLAST,0,1,0,0,True,5.3,13.4,4.0,0.0,0.0,,,LEAN_PROVED,CERT-CLOSED,BOOK_05,D0.Verification.RootOperatorSemanticDependence
D0-SCENE-SPECTRAL-ACTION-001,22.7,100,BALLAST,0,3,7,6,False,10.6,12.1,0.0,0.0,0.0,,,LEAN_PROVED,CORE-FORMALIZED,BOOK_07,D0.Synthesis.SceneSpectralAction
D0-CKM-CLASS5-SELECTOR-OWNER-001,22.6,100,BALLAST,0,2,1,1,False,8.4,10.2,4.0,0.0,0.0,,,LEAN_PROVED,CERT-CLOSED,BOOK_04,D0.Matter.CKMClass5SelectorOwner
D0-SCENE-STEP-PARITY-001,22.4,100,BALLAST,0,0,0,0,True,0.0,9.0,0.0,0.0,13.4,,The +2 address step as an orientability condition (a +1 splice would need an exogenous Z2 orientation bit) - the load-bearing parity argument under the whole scene selection.,LEAN_PROVED,CORE-FORMALIZED,BOOK_01,D0.Foundation.SceneStepParity
D0-KTHEORY-001,22.3,55,BALLAST,0,4,0,,,12.3,6.0,4.0,0.0,0.0,,,PYTHON_CERTIFIED,CERT-CLOSED,BOOK_00/01/02/04/05/06,
D0-MODULAR-TIME-FLAVOR-001,22.3,55,BALLAST,0,4,0,,,12.3,6.0,4.0,0.0,0.0,,,PYTHON_CERTIFIED,CERT-CLOSED,BOOK_06,
D0-PHI-STURMIAN-PROFINITE-CODE-CONJUGACY-001,22.3,55,BALLAST,0,4,0,,,12.3,6.0,4.0,0.0,0.0,,,PYTHON_CERTIFIED,CERT-CLOSED,BOOK_06/01,
D0-LEPTON-INDIRECT-GREEN-PUISEUX-SCOUT-001,22.3,55,BALLAST,0,4,0,,,12.3,6.0,4.0,0.0,0.0,,,PYTHON_CERTIFIED,CERT-CLOSED,BOOK_04,
D0-IM-004,22.2,100,BALLAST,0,0,3,1,False,0.0,18.2,4.0,0.0,0.0,,,LEAN_PROVED,CORE-FORMALIZED,BOOK_01/06,D0.Topology.WitnessHalting
D0-DIM8-NETWORK-001,22.2,100,BALLAST,0,1,3,1,False,5.3,12.9,4.0,0.0,0.0,,,LEAN_PROVED,CORE-FORMALIZED,BOOK_02,D0.Synthesis.DimensionEightNetwork
D0-GAUGE-MATRIX-REP-TRANSFORM-001,22.1,100,BALLAST,1,0,1,1,False,4.1,17.2,0.0,0.8,0.0,,,LEAN_PROVED,CORE-FORMALIZED,BOOK_05/06,D0.Gauge.MatrixRepGaugeTransform
D0-GAUGE-BIANCHI-GRADED-DEPRECATED-001,22.1,0,DRIFT,1,0,1,1,False,4.1,17.2,0.0,0.8,0.0,,,DEPRECATED,DEPRECATED,BOOK_05/06,D0.Gauge.MatrixRepGaugeTransform
D0-TRACEABILITY-STATUS-TAXONOMY-001,21.7,100,BALLAST,3,0,0,0,True,8.2,9.0,0.0,4.5,0.0,,,LEAN_PROVED,CORE-FORMALIZED,BOOK_08,D0.Traceability.StatusTaxonomy
D0-HYDRO-NO-BLOWUP-KAPPA-001,21.6,100,BALLAST,0,1,7,6,False,5.3,16.3,0.0,0.0,0.0,,,LEAN_PROVED,CORE-FORMALIZED,BOOK_05,D0.Dynamics.LatticeHydroNoBlowup
D0-ALPHA-FESHBACH-DIXMIER-OWNER-001,21.6,5,DRIFT,0,9,0,,,17.6,0.0,4.0,0.0,0.0,,,OPEN,PROOF-TARGET,BOOK_02,
D0-OMEGA8-CENTER-001,21.4,100,BALLAST,0,2,0,0,True,8.4,9.0,4.0,0.0,0.0,,,LEAN_PROVED,CORE-FORMALIZED,BOOK_01,D0.Foundation.Omega8Center
D0-HORIZON-HUM-TRANSFER-OBSERVABLE-OWNER-001,21.4,100,BALLAST,0,2,1,1,False,8.4,9.0,4.0,0.0,0.0,,,LEAN_PROVED,CERT-CLOSED,BOOK_07,D0.Gravity.HorizonHumTransfer
D0-GEN-INDEX-001,21.3,100,BALLAST,1,2,0,0,True,8.4,7.4,4.0,1.5,0.0,,,LEAN_PROVED,CORE-FORMALIZED,BOOK_04,D0.Spectrum.BranchDefectProjectiveGeneration
D0-GRADED-BIANCHI-EXACT-001,21.3,100,BALLAST,1,1,0,0,True,5.3,14.5,0.0,1.5,0.0,,,LEAN_PROVED,CORE-FORMALIZED,BOOK_05/06,D0.Gauge.GradedBianchiIdentity
D0-BOOK04-SELECTORS-002,21.3,100,BALLAST,1,0,0,0,True,4.1,11.8,4.0,1.5,0.0,,,LEAN_PROVED,CORE-FORMALIZED,BOOK_04,D0.Matter.Book04CombinatorialSelectorOrigins
D0-IM-COSMO-003,21.2,100,BALLAST,0,0,2,2,False,0.0,17.2,4.0,0.0,0.0,,,LEAN_PROVED,CORE-FORMALIZED,BOOK_08,D0.IM.StrongLogdetPressure
D0-X5-FULL-MODEL-001,21.0,100,BALLAST,0,1,15,4,False,5.3,11.8,4.0,0.0,0.0,,,LEAN_PROVED,CERT-CLOSED,BOOK_05,D0.Extensions.X5.Synthesis
D0-CASCADE-FLOOR-ORIENTATION-PARITY-001,20.6,100,BALLAST,0,1,8,3,False,5.3,15.3,0.0,0.0,0.0,,,LEAN_PROVED,CORE-FORMALIZED,BOOK_01,D0.Foundation.CascadeFloorOrientationParity
D0-GRAV-002,20.6,55,BALLAST,0,3,0,,,10.6,6.0,4.0,0.0,0.0,,,PYTHON_CERTIFIED,CERT-CLOSED,BOOK_07,
D0-QUASICRYSTAL-PROJECTION-001,20.6,55,BALLAST,0,3,0,,,10.6,6.0,4.0,0.0,0.0,,,PYTHON_CERTIFIED,CERT-CLOSED,BOOK_01,
D0-ALPHA-MU1-RANKTRACE-001,20.6,55,BALLAST,0,3,0,,,10.6,6.0,4.0,0.0,0.0,,,PYTHON_CERTIFIED,CERT-CLOSED,BOOK_02,
D0-PHI-STURMIAN-CYLINDER-CONJUGACY-001,20.6,55,BALLAST,0,3,0,,,10.6,6.0,4.0,0.0,0.0,,,PYTHON_CERTIFIED,CERT-CLOSED,BOOK_06/01,
D0-LEPTON-STURMIAN-PUISEUX-COEFFICIENTS-001,20.6,55,BALLAST,0,3,0,,,10.6,6.0,4.0,0.0,0.0,,,PYTHON_CERTIFIED,CERT-CLOSED,BOOK_04,
D0-CONNES-GRAPH-DISTANCE-OWNER-001,20.6,55,BALLAST,0,3,0,,,10.6,6.0,4.0,0.0,0.0,,,PYTHON_CERTIFIED,CERT-CLOSED,BOOK_07,
D0-HORIZON-FESHBACH-RADIATION-OWNER-001,20.6,55,BALLAST,0,3,0,,,10.6,6.0,4.0,0.0,0.0,,,PYTHON_CERTIFIED,CERT-CLOSED,BOOK_07,
D0-SRC-001,20.2,100,BALLAST,1,0,0,0,True,4.1,10.6,4.0,1.5,0.0,,,LEAN_PROVED,CORE-FORMALIZED,BOOK_04,D0.Matter.NuclearShellContactSRC
D0-X5-GRADING-CONTRACT-001,20.2,100,BALLAST,1,1,3,2,False,5.3,10.4,4.0,0.5,0.0,,,LEAN_PROVED,CERT-CLOSED,BOOK_04,D0.Extensions.X5.Grading
D0-GAUGE-WILSON-LINK-COVARIANCE-001,20.1,100,BALLAST,1,0,0,0,True,4.1,14.5,0.0,1.5,0.0,,,LEAN_PROVED,CORE-FORMALIZED,BOOK_05/06,D0.Gauge.WilsonLinkGaugeCovariance
D0-MASSGAP-COSTQUANTUM-001,20.1,100,BALLAST,0,2,1,1,False,8.4,11.8,0.0,0.0,0.0,,,LEAN_PROVED,CORE-FORMALIZED,BOOK_05,D0.Gauge.MassGapCostQuantum
D0-ARCHIVE-GAUSSIAN-CHANNEL-001,20.0,100,BALLAST,0,0,3,2,False,0.0,20.0,0.0,0.0,0.0,,,LEAN_PROVED,CORE-FORMALIZED,BOOK_06/08,D0.Probability.ArchiveClassicalGaussianChannel
D0-ARCHIVE-LAPLACIAN-PHASE-NATURALITY,20.0,100,BALLAST,0,0,2,2,False,0.0,0.0,20.0,0.0,0.0,,,LEAN_PROVED,NO_GO_PROVED,BOOK_07,D0.Geometry.ArchiveLaplacianPhaseNaturality
D0-ARCHIVE-PHASE-CURVATURE,20.0,100,BALLAST,0,0,2,2,False,0.0,20.0,0.0,0.0,0.0,,,LEAN_PROVED,CORE-FORMALIZED,BOOK_07,D0.Geometry.ArchivePhaseCurvatureObstruction
D0-MATTER-STRESS-COUPLING-001,20.0,100,BALLAST,0,0,4,2,False,0.0,20.0,0.0,0.0,0.0,,,LEAN_PROVED,CORE-FORMALIZED,BOOK_04,D0.Matter.ArchiveStressCoupling
D0-GEOM-OBSTRUCT-001,20.0,100,BALLAST,0,0,1,1,False,0.0,20.0,0.0,0.0,0.0,,,LEAN_PROVED,CORE-FORMALIZED,BOOK_07,D0.Geometry.ArchiveCurvatureObstruction
D0-ARCHIVE-STRESS-CONSERVATION-001,20.0,100,BALLAST,0,0,3,2,False,0.0,20.0,0.0,0.0,0.0,,,LEAN_PROVED,CORE-FORMALIZED,BOOK_07,D0.Frozen.ConservedStressProjection
D0-COSMO-TICK-GAUGE-EQUIV-001,20.0,100,BALLAST,0,0,0,0,True,0.0,20.0,0.0,0.0,0.0,,,LEAN_PROVED,CORE-FORMALIZED,BOOK_08,D0.Geometry.ArchiveTickGaugeFixing
D0-COSMO-WATER-FILLING-001,20.0,100,BALLAST,0,0,0,0,True,0.0,20.0,0.0,0.0,0.0,,,LEAN_PROVED,CORE-FORMALIZED,BOOK_08,D0.Probability.ArchiveFloorWaterFilling
D0-FORGETTING-CHANNEL-CP-001,20.0,100,BALLAST,0,0,0,0,True,0.0,20.0,0.0,0.0,0.0,,,LEAN_PROVED,CORE-FORMALIZED,BOOK_06,D0.Probability.ForgettingChannelCP
D0-LEPTON-DECIMAL-MASS-RATIOS,20.0,100,BALLAST,0,0,0,0,True,0.0,9.0,11.0,0.0,0.0,,,LEAN_PROVED,NO-GO,BOOK_04,D0.Integration.V15.BranchAudit
D0-P1-PHYSICAL-EOS,20.0,100,BALLAST,0,0,0,0,True,0.0,9.0,11.0,0.0,0.0,,,LEAN_PROVED,NO-GO,BOOK_08,D0.Integration.V15.Feshbach
D0-Q8-ANISOTROPY-SELECT-001,20.0,100,BALLAST,0,0,0,0,True,0.0,20.0,0.0,0.0,0.0,,,LEAN_PROVED,CORE-FORMALIZED,BOOK_01,D0.Foundation.Q8Anisotropy
D0-CONDENSED-GOLDEN-WEIGHT-ANCHOR-001,20.0,100,BALLAST,0,1,0,0,True,5.3,14.7,0.0,0.0,0.0,,,LEAN_PROVED,CORE-FORMALIZED,BOOK_00/07,D0.CondensedAnchor.DetectorSupportGoldenWeight
D0-GATE-STATIONARITY-OWNER-001,20.0,100,BALLAST,0,0,0,0,True,0.0,20.0,0.0,0.0,0.0,,,LEAN_PROVED,CORE-FORMALIZED,BOOK_00/06,D0.Topology.ArchiveShiftTopology
D0-TRIPARTITE-SIGNATURE-GENERAL-001,20.0,100,BALLAST,0,0,0,0,True,0.0,20.0,0.0,0.0,0.0,,,LEAN_PROVED,CORE-FORMALIZED,BOOK_06,D0.Combinatorics.TripartiteSignatureGeneral
D0-PARTITION-ALGEBRA-001,20.0,100,BALLAST,0,0,0,0,True,0.0,20.0,0.0,0.0,0.0,,,LEAN_PROVED,CORE-FORMALIZED,BOOK_01,D0.Foundation.PartitionAlgebra
D0-ZONE-CONNECTIVITY-001,20.0,100,BALLAST,0,0,0,0,True,0.0,20.0,0.0,0.0,0.0,,,LEAN_PROVED,CORE-FORMALIZED,BOOK_04,D0.Foundation.ZoneConnectivity
D0-ENTROPIC-DARK-GRAVITY-001,20.0,70,BALLAST,0,0,0,0,True,0.0,20.0,0.0,0.0,0.0,,,LEAN_PROVED_WITH_BRIDGE_ASSUMPTIONS,BRIDGE-ASSUMPTIONS-EXPLICIT,BOOK_07,D0.Bridge.VerlindeEntropicBridge
D0-QUANT-MET-003,20.0,5,DRIFT,0,0,1,1,False,0.0,20.0,0.0,0.0,0.0,,,OPEN,PROOF-TARGET,METROLOGY,D0.Metrology.Phi2Flux
D0-PHASON-ARCHIVE-CAPACITY-REDSHIFT-001,19.8,100,BALLAST,0,0,1,1,False,0.0,15.8,4.0,0.0,0.0,,,LEAN_PROVED,CERT-CLOSED,BOOK_08,D0.Cosmology.PhasonArchiveCapacityRedshift
D0-IM-001,19.6,100,BALLAST,0,0,2,2,False,0.0,15.6,4.0,0.0,0.0,,,LEAN_PROVED,CORE-FORMALIZED,BOOK_06,D0.IM.SelfSubstrateTrace
D0-IM-005,19.6,100,BALLAST,0,0,5,2,False,0.0,15.6,4.0,0.0,0.0,,,LEAN_PROVED,CORE-FORMALIZED,BOOK_01/02/06,D0.IM.FractalContinuumAndWitnessHalting
D0-SCENE-JOINT-COMMUTANT-SIX-001,19.6,100,BALLAST,2,2,1,1,False,8.4,9.8,0.0,1.5,0.0,,,LEAN_PROVED,CORE-FORMALIZED,BOOK_02,D0.Spectral.JointCommutant
D0-CONDENSED-PHI-VACUUM-CUT-PROJECT-001,19.4,100,BALLAST,1,0,3,2,False,4.1,10.8,4.0,0.5,0.0,,,LEAN_PROVED,CORE-FORMALIZED,BOOK_00/01/02/06/08,D0.Condensed.CondensedPhiVacuum;D0.Physics.QuasicrystalPhenomenology
D0-HURWITZ-INTERNAL-DIMENSION-SELECTOR-001,19.3,100,BALLAST,1,0,0,0,True,4.1,13.7,0.0,1.5,0.0,,,LEAN_PROVED,CORE-FORMALIZED,BOOK_04,D0.Algebra.D0InternalDimensionSelector
D0-EXTERNAL-BACKGROUND-HURWITZ-GLOBAL-CLASSIFICATION-001,19.3,0,DRIFT,1,0,0,0,True,4.1,13.7,0.0,1.5,0.0,,,DEPRECATED,EXTERNAL-BACKGROUND,BOOK_04,D0.Algebra.D0InternalDimensionSelector
D0-PHI99-DEPTH-FORCING-001,19.0,55,BALLAST,0,0,0,,,0.0,6.0,13.0,0.0,0.0,,,PYTHON_CERTIFIED,CERT-CLOSED,BOOK_07,
D0-INTRINSIC-DEGREE-FIBRE-FRAME-001,18.9,100,BALLAST,0,1,10,4,False,5.3,13.6,0.0,0.0,0.0,,,LEAN_PROVED,CORE_BRIDGE_SPLIT,BOOK_04,D0.Synthesis.IntrinsicDegreeFibreFrame
D0-SCENE-HEAT-KERNEL-001,18.9,100,BALLAST,1,0,1,1,False,4.1,14.1,0.0,0.8,0.0,,,LEAN_PROVED,CORE-FORMALIZED,BOOK_07,D0.Synthesis.SceneHeatKernel
D0-PHASON-WZ-EXPLICIT-FUNCTION-001,18.9,5,DRIFT,0,6,0,,,14.9,0.0,4.0,0.0,0.0,,,OPEN,PROOF-TARGET,BOOK_08,
D0-X5-HISTORY-CONTRACT-001,18.7,100,BALLAST,1,1,3,3,False,5.3,9.0,4.0,0.4,0.0,,,LEAN_PROVED,CERT-CLOSED,BOOK_06,D0.Extensions.X5.History
D0-X5-PHASON-PE-CONTRACT-001,18.7,100,BALLAST,1,1,4,3,False,5.3,9.0,4.0,0.4,0.0,,,LEAN_PROVED,CERT-CLOSED,BOOK_08,D0.Extensions.X5.Phason
D0-X5-PHASON-COORDINATE-CONTRACT-001,18.7,100,BALLAST,1,1,3,3,False,5.3,9.0,4.0,0.4,0.0,,,LEAN_PROVED,CERT-CLOSED,BOOK_08,D0.Extensions.X5.Coordinate
D0-COSMO-003,18.4,55,BALLAST,0,2,0,,,8.4,6.0,4.0,0.0,0.0,,,PYTHON_CERTIFIED,CERT-CLOSED,BOOK_08,
D0-VERIFIED-CLOSURE-PROTOCOL-001,18.4,55,BALLAST,0,2,0,,,8.4,6.0,4.0,0.0,0.0,,,PYTHON_CERTIFIED,CERT-CLOSED,BOOK_05,
D0-M1-UNIVERSALITY-001,18.4,45,DRIFT,0,0,0,0,True,0.0,18.4,0.0,0.0,0.0,,,LEAN_PROVED,PROOF-TARGET,BOOK_00,D0.Foundation.M1Universality
D0-VIETA-GALOIS-ABCD-001,18.3,100,BALLAST,0,1,1,1,False,5.3,9.0,4.0,0.0,0.0,,,LEAN_PROVED,CORE-FORMALIZED,BOOK_01/02,D0.Claims.VietaGaloisAbcd
D0-JONES-INDEX-PHI-001,18.3,100,BALLAST,0,1,1,1,False,5.3,9.0,4.0,0.0,0.0,,,LEAN_PROVED,CORE-FORMALIZED,BOOK_01,D0.Claims.JonesIndexPhi
D0-WILLIAMS-SHIFT-EQUIVALENCE-OWNER-001,18.3,100,BALLAST,0,1,1,1,False,5.3,9.0,4.0,0.0,0.0,,,LEAN_PROVED,CERT-CLOSED,BOOK_06,D0.Dynamics.ToralShiftEquivalence
D0-VNEXT-AF-D0-SPECTRAL-COMPRESSION-OWNER-001,18.3,100,BALLAST,0,1,0,0,True,5.3,9.0,4.0,0.0,0.0,,,LEAN_PROVED,CORE_BRIDGE_SPLIT,BOOK_02,D0.VNext.AFD0SpectralInvariantComparison
D0-RAW-HISTORY-CATEGORY-001,18.3,100,BALLAST,0,1,1,1,False,5.3,9.0,4.0,0.0,0.0,,,LEAN_PROVED,CERT-CLOSED,BOOK_06,D0.SelfReading.RawHistoryCategory
D0-RAW-READOUT-CATEGORY-001,18.3,100,BALLAST,0,1,1,1,False,5.3,9.0,4.0,0.0,0.0,,,LEAN_PROVED,CERT-CLOSED,BOOK_04,D0.SelfReading.RawReadoutRepresentationCategory
D0-RAW-CANONICAL-SELF-READING-FUNCTOR-001,18.3,100,BALLAST,0,1,3,1,False,5.3,9.0,4.0,0.0,0.0,,,LEAN_PROVED,CERT-CLOSED,BOOK_00,D0.SelfReading.RawCanonicalSelfReadingFunctor
D0-FROBENIUS-DIVISION-3D-001,18.3,70,BALLAST,0,1,0,0,True,5.3,9.0,4.0,0.0,0.0,,,LEAN_PROVED_WITH_BRIDGE_ASSUMPTIONS,BRIDGE-ASSUMPTIONS-EXPLICIT,BOOK_01,D0.Foundation.FrobeniusDivision3D
D0-PHASON-COORDINATE-FUNCTOR-OWNER-001,18.3,45,DRIFT,0,1,3,3,False,5.3,9.0,4.0,0.0,0.0,,,LEAN_PROVED,PROOF-TARGET,BOOK_08,D0.Extensions.PhasonCoordinateFunctorConstruction
D0-MULTIPARTITE-LORENTZIAN-001,18.2,70,BALLAST,0,0,0,0,True,0.0,18.2,0.0,0.0,0.0,,,LEAN_PROVED_WITH_BRIDGE_ASSUMPTIONS,CORE_BRIDGE_SPLIT,BOOK_06,D0.Combinatorics.MultipartiteLorentzian
D0-TRANSPORT-FORK-ENDGAME-001,18.0,100,BALLAST,2,1,6,2,False,6.5,10.6,0.0,1.0,0.0,,,LEAN_PROVED,CORE-FORMALIZED,BOOK_02,D0.Synthesis.TransportForkEndgame
D0-RANK3-CAUSAL-CONE-001,17.9,100,BALLAST,1,2,2,2,False,8.4,9.0,0.0,0.5,0.0,,,LEAN_PROVED,CORE-FORMALIZED,BOOK_07,D0.Synthesis.RankCausalCone
D0-IM-002,17.7,100,BALLAST,0,0,2,2,False,0.0,13.7,4.0,0.0,0.0,,,LEAN_PROVED,CORE-FORMALIZED,BOOK_06,D0.IM.FractalTick
D0-CMB-IDS-SMOOTHING-OWNER-001,17.7,5,DRIFT,0,5,0,,,13.7,0.0,4.0,0.0,0.0,,,OPEN,PROOF-TARGET,BOOK_08,
D0-INDUCTIVE-SPECTRAL-TRIPLE-OWNER-001,17.7,5,DRIFT,0,5,0,,,13.7,0.0,4.0,0.0,0.0,,,OPEN,PROOF-TARGET,BOOK_07,
D0-JONES-SLOT-SELECTOR-001,17.4,70,BALLAST,0,2,0,0,True,8.4,9.0,0.0,0.0,0.0,,,LEAN_PROVED_WITH_BRIDGE_ASSUMPTIONS,CORE_BRIDGE_SPLIT,BOOK_01,D0.NumberTheory.JonesSlotSelector
D0-EW-002,17.0,100,BALLAST,0,0,1,1,False,0.0,13.0,4.0,0.0,0.0,,,LEAN_PROVED,CORE-FORMALIZED,BOOK_04,D0.VNext2.HiggsAnchorProjector
D0-QUANT-MET-004,16.3,5,DRIFT,0,0,1,1,False,0.0,16.3,0.0,0.0,0.0,,,OPEN,PROOF-TARGET,METROLOGY,D0.Metrology.PhasonBragg
D0-PHASON-WZ-LOGDET-WINDOW-OWNER-001,16.3,5,DRIFT,0,4,0,,,12.3,0.0,4.0,0.0,0.0,,,OPEN,PROOF-TARGET,BOOK_08,
D0-HIGGS-PHASON-CONDENSATION-OWNER-001,16.3,5,DRIFT,0,4,0,,,12.3,0.0,4.0,0.0,0.0,,,OPEN,PROOF-TARGET,BOOK_04,
D0-LEPTON-YUKAWA-HIERARCHY-OWNER-001,16.3,5,DRIFT,0,4,0,,,12.3,0.0,4.0,0.0,0.0,,,OPEN,PROOF-TARGET,BOOK_04,
D0-INFLATIONLESS-EARLY-UNIVERSE-OWNER-001,16.3,5,DRIFT,0,4,0,,,12.3,0.0,4.0,0.0,0.0,,,OPEN,PROOF-TARGET,BOOK_08,
D0-GRAV-004,16.1,100,BALLAST,0,0,0,0,True,0.0,12.1,4.0,0.0,0.0,,,LEAN_PROVED,CORE-FORMALIZED,BOOK_07,D0.Gravity.MeasurementHorizonEquivalence
D0-TRANSPORT-CLOSED-FORM-001,16.0,100,BALLAST,0,0,0,0,True,0.0,16.0,0.0,0.0,0.0,,,LEAN_PROVED,CORE-FORMALIZED,BOOK_02,D0.Spectral.TransportClosedForm;D0.Spectral.TransportSelfAdjoint
D0-HURWITZ-LOCAL-BOUNDARY-001,15.6,100,BALLAST,1,0,0,0,True,4.1,10.0,0.0,1.5,0.0,,,LEAN_PROVED,CORE-FORMALIZED,BOOK_04,D0.Algebra.HurwitzLocalBoundary
D0-SCENE-TRACE-HEAT-CAPACITY-001,15.5,100,BALLAST,0,0,22,9,False,0.0,15.5,0.0,0.0,0.0,,,LEAN_PROVED,CORE-FORMALIZED,BOOK_07,D0.Synthesis.SceneTraceHeatCapacity
D0-SOLENOID-001,15.3,55,BALLAST,0,1,0,,,5.3,6.0,4.0,0.0,0.0,,,PYTHON_CERTIFIED,CERT-CLOSED,BOOK_01/07,
D0-SOLENOID-GRAVITY-001,15.3,55,BALLAST,0,1,0,,,5.3,6.0,4.0,0.0,0.0,,,PYTHON_CERTIFIED,CERT-CLOSED,BOOK_07,
D0-SDE-K0-001,15.3,55,BALLAST,0,1,0,,,5.3,6.0,4.0,0.0,0.0,,,PYTHON_CERTIFIED,CERT-CLOSED,BOOK_08,
D0-NEUTRON-002,15.3,55,BALLAST,0,1,0,,,5.3,6.0,4.0,0.0,0.0,,,PYTHON_CERTIFIED,CERT-CLOSED,BOOK_04,
D0-FTHEORY-001,15.3,55,BALLAST,0,1,0,,,5.3,6.0,4.0,0.0,0.0,,,PYTHON_CERTIFIED,CERT-CLOSED,BOOK_04,
D0-COSMO-002,15.3,55,BALLAST,0,1,0,,,5.3,6.0,4.0,0.0,0.0,,,PYTHON_CERTIFIED,CERT-CLOSED,BOOK_08,
D0-TIME-MODULAR-FLOW-001,15.3,55,BALLAST,0,1,0,,,5.3,6.0,4.0,0.0,0.0,,,PYTHON_CERTIFIED,CERT-CLOSED,BOOK_01,
D0-GRAVASTAR-FORMATION-BRIDGE-001,15.3,55,BALLAST,0,1,0,,,5.3,6.0,4.0,0.0,0.0,,,PYTHON_CERTIFIED,CERT-CLOSED,BOOK_07,
D0-MASS-CHAIN-001,15.3,55,BALLAST,0,1,0,,,5.3,6.0,4.0,0.0,0.0,,,PYTHON_CERTIFIED,CERT-CLOSED,BOOK_04/06,
D0-FOURCOLOR-HORIZON-CAPACITY-001,15.3,55,BALLAST,0,1,0,,,5.3,6.0,4.0,0.0,0.0,,,PYTHON_CERTIFIED,CERT-CLOSED,BOOK_07,
D0-CKM-PMNS-COMPLEMENTARITY-001,15.3,55,BALLAST,0,1,0,,,5.3,6.0,4.0,0.0,0.0,,,PYTHON_CERTIFIED,CERT-CLOSED,BOOK_04,
D0-LATTICE-FINITENESS-BRIDGE-001,15.3,55,BALLAST,0,1,0,,,5.3,6.0,4.0,0.0,0.0,,,PYTHON_CERTIFIED,BRIDGE-ASSUMPTIONS-EXPLICIT,BOOK_01/06,
D0-GAUGE-MASS-GAP-PLAQUETTE-001,15.3,55,BALLAST,0,1,0,,,5.3,6.0,4.0,0.0,0.0,,,PYTHON_CERTIFIED,CERT-CLOSED,BOOK_07/05,
D0-ROOT-OPERATOR-COMPLETION-PROGRAM-001,15.3,55,BALLAST,0,1,0,,,5.3,6.0,4.0,0.0,0.0,,,PYTHON_CERTIFIED,CERT-CLOSED,BOOK_05,
D0-EDGE-INVARIANT-CROSS-SECTOR-001,15.3,55,BALLAST,0,1,0,,,5.3,6.0,4.0,0.0,0.0,,,PYTHON_CERTIFIED,CERT-CLOSED,BOOK_07,
D0-LEAN-CORE-001,14.6,100,BALLAST,1,0,0,0,True,4.1,9.0,0.0,1.5,0.0,,,LEAN_PROVED,CORE-FORMALIZED,Lean formalization,D0.TheoremLedger.ReleaseStatus
D0-LEAN-BRIDGE-001,14.6,70,BALLAST,1,0,0,0,True,4.1,9.0,0.0,1.5,0.0,,,LEAN_PROVED_WITH_BRIDGE_ASSUMPTIONS,BRIDGE-ASSUMPTIONS-EXPLICIT,Lean formalization,D0.TheoremLedger.ReleaseStatus
D0-LEPTON-PUISEUX-DECIMAL-SECTION-001,14.6,5,DRIFT,0,3,0,,,10.6,0.0,4.0,0.0,0.0,,,OPEN,PROOF-TARGET,BOOK_04,
D0-HBAR-SYMPLECTIC-CAPACITY-MECH-LIMIT-001,14.6,5,DRIFT,0,3,0,,,10.6,0.0,4.0,0.0,0.0,,,OPEN,PROOF-TARGET,BOOK_02,
D0-SYMMETRIC-FUNCTION-ACTIVE-SPECTRUM-001,14.2,100,BALLAST,0,0,0,0,True,0.0,14.2,0.0,0.0,0.0,,,LEAN_PROVED,CORE-FORMALIZED,BOOK_02,D0.Synthesis.SymmetricFunctionCalculus;D0.Synthesis.ActiveSplittingFromDistinctness;D0.Synthesis.ActiveSpectrumClosedForm;D0.Synthesis.ActiveWindowIrrational
D0-WINDOW44-TOTIENT-M1-001,13.8,100,BALLAST,0,1,0,0,True,5.3,4.5,4.0,0.0,0.0,,,LEAN_PROVED,CORE-FORMALIZED,BOOK_07,D0.VNext2.Window44Totient
D0-EDGE-002,13.7,5,DRIFT,0,5,0,,,13.7,0.0,0.0,0.0,0.0,,,OPEN,PROOF-TARGET,BOOK_04,
D0-CVFT-F3B,13.0,100,BALLAST,0,0,0,0,True,0.0,9.0,4.0,0.0,0.0,,,LEAN_PROVED,CORE-FORMALIZED,BOOK_04,D0.Matter.BaryonSpinFlavourRanks
D0-SPIN2-001,13.0,100,BALLAST,0,0,0,0,True,0.0,9.0,4.0,0.0,0.0,,,LEAN_PROVED,CORE-FORMALIZED,BOOK_07,D0.Claims.Spin2TT
D0-HIGGS-YUKAWA-001,13.0,100,BALLAST,0,0,0,0,True,0.0,9.0,4.0,0.0,0.0,,,LEAN_PROVED,CORE-FORMALIZED,BOOK_04,D0.Claims.HiggsYukawaBlock
D0-TOTAL-CLOSURE-BOUNDARY-001,13.0,100,BALLAST,0,0,0,0,True,0.0,9.0,4.0,0.0,0.0,,,LEAN_PROVED,CERT-CLOSED,BOOK_00,D0.Verification.TotalClosureBoundary
D0-TOTAL-PUBLICATION-READINESS-001,13.0,100,BALLAST,0,0,0,0,True,0.0,9.0,4.0,0.0,0.0,,,LEAN_PROVED,CERT-CLOSED,BOOK_00,D0.Verification.TotalPublicationReadiness
D0-CKM-DAVIS-KAHAN-GAP-BOUND-001,13.0,100,BALLAST,0,0,0,0,True,0.0,9.0,4.0,0.0,0.0,,,LEAN_PROVED,CERT-CLOSED,BOOK_02,D0.ParallelClosure.FiniteDavisKahanGapBound
D0-WINDOW-9-13-DISSOLVE-001,12.4,5,DRIFT,0,2,0,,,8.4,0.0,4.0,0.0,0.0,,,OPEN,CERT-CLOSED,BOOK_01,
D0-HODGE-LINKS-001,12.3,5,DRIFT,0,4,0,,,12.3,0.0,0.0,0.0,0.0,,,OPEN,PROOF-TARGET,BOOK_04/07,
D0-BRAID-VALENCE-U1-001,11.8,100,BALLAST,0,0,0,0,True,0.0,11.8,0.0,0.0,0.0,,,LEAN_PROVED,CORE-FORMALIZED,BOOK_04,D0.Gauge.BraidValence
D0-SCENE-COUNT-REDUCTION-001,11.8,45,DRIFT,0,0,12,3,False,0.0,11.8,0.0,0.0,0.0,,,LEAN_PROVED,PROOF-TARGET,BOOK_01,D0.Foundation.SceneCountReduction
D0-NCG-INDEX-001,11.5,100,BALLAST,0,0,0,0,True,0.0,11.5,0.0,0.0,0.0,,,LEAN_PROVED,CORE-FORMALIZED,BOOK_02,D0.Combinatorics.Tripartite
D0-ARCHIVE-RESOLVENT-001,11.2,100,BALLAST,0,0,3,3,False,0.0,11.2,0.0,0.0,0.0,,,LEAN_PROVED,CORE-FORMALIZED,BOOK_07,D0.Geometry.ArchiveResolventCompactness
D0-HODGE-THREE-LEVEL-SPECTRUM-001,10.7,100,BALLAST,0,0,0,0,True,0.0,10.7,0.0,0.0,0.0,,,LEAN_PROVED,CORE-FORMALIZED,BOOK_01/02,D0.Synthesis.HodgeThreeLevelSpectrum
D0-QUASI009-CKM-PHASON-HOLONOMY-001,10.0,55,BALLAST,0,0,0,,,0.0,6.0,4.0,0.0,0.0,,,PYTHON_CERTIFIED,CERT-CLOSED,BOOK_04/08,
D0-QUASI007-MESON-PHASON-DOMAIN-WALLS-001,10.0,55,BALLAST,0,0,0,,,0.0,6.0,4.0,0.0,0.0,,,PYTHON_CERTIFIED,CERT-CLOSED,BOOK_04/08,
D0-MESON-K0-001,10.0,55,BALLAST,0,0,0,,,0.0,6.0,4.0,0.0,0.0,,,PYTHON_CERTIFIED,CERT-CLOSED,BOOK_04/08,
D0-CKM-K0-001,10.0,55,BALLAST,0,0,0,,,0.0,6.0,4.0,0.0,0.0,,,PYTHON_CERTIFIED,CERT-CLOSED,BOOK_04/08,
D0-CVFT-F4,10.0,55,BALLAST,0,0,0,,,0.0,6.0,4.0,0.0,0.0,,,PYTHON_CERTIFIED,CERT-CLOSED,BOOK_02/05,
D0-MINCUT-001,10.0,55,BALLAST,0,0,0,,,0.0,6.0,4.0,0.0,0.0,,,PYTHON_CERTIFIED,CERT-CLOSED,BOOK_07,
D0-MASTER-BOOTSTRAP-001,10.0,55,BALLAST,0,0,0,,,0.0,6.0,4.0,0.0,0.0,,,PYTHON_CERTIFIED,CERT-CLOSED,BOOK_08,
D0-MESON-DEFECT-ALGEBRA-001,10.0,55,BALLAST,0,0,0,,,0.0,6.0,4.0,0.0,0.0,,,PYTHON_CERTIFIED,CERT-CLOSED,BOOK_04,
D0-CANONICAL-OP-001,10.0,55,BALLAST,0,0,0,,,0.0,6.0,4.0,0.0,0.0,,,PYTHON_CERTIFIED,CERT-CLOSED,BOOK_04,
D0-FTHEORY-002,10.0,55,BALLAST,0,0,0,,,0.0,6.0,4.0,0.0,0.0,,,PYTHON_CERTIFIED,CERT-CLOSED,BOOK_04,
D0-HEAT-TRACE-FIT-001,10.0,55,BALLAST,0,0,0,,,0.0,6.0,4.0,0.0,0.0,,,PYTHON_CERTIFIED,CERT-CLOSED,BOOK_07/08,
D0-CRITICAL-COLLAPSE-001,10.0,55,BALLAST,0,0,0,,,0.0,6.0,4.0,0.0,0.0,,,PYTHON_CERTIFIED,CORE_BRIDGE_SPLIT,BOOK_07,
D0-VACUUM-CUBIC-WINDOW-001,10.0,55,BALLAST,0,0,0,,,0.0,6.0,4.0,0.0,0.0,,,PYTHON_CERTIFIED,CERT-CLOSED,BOOK_08,
D0-E8-COLDEA-ANCHOR-001,10.0,55,BALLAST,0,0,0,,,0.0,6.0,4.0,0.0,0.0,,,PYTHON_CERTIFIED,CERT-CLOSED,BOOK_01,
D0-PACKING-LIMIT-001,10.0,55,BALLAST,0,0,0,,,0.0,6.0,4.0,0.0,0.0,,,PYTHON_CERTIFIED,CERT-CLOSED,BOOK_07,
D0-DSI-EXPERIMENTAL-001,10.0,55,BALLAST,0,0,0,,,0.0,6.0,4.0,0.0,0.0,,,PYTHON_CERTIFIED,CERT-CLOSED,BOOK_08,
D0-CONTINUATION-FINAL-BLOCKER-GRAPH-001,10.0,55,BALLAST,0,0,0,,,0.0,6.0,4.0,0.0,0.0,,,PYTHON_CERTIFIED,CERT-CLOSED,BOOK_05,
D0-CONTINUATION-NO-STATUS-ONLY-DIFF-001,10.0,55,BALLAST,0,0,0,,,0.0,6.0,4.0,0.0,0.0,,,PYTHON_CERTIFIED,CERT-CLOSED,BOOK_05,
D0-STATIC-DYNAMICS-HAMILTONIAN-BRIDGE-INTEGRATION-001,10.0,55,BALLAST,0,0,0,,,0.0,6.0,4.0,0.0,0.0,,,PYTHON_CERTIFIED,CERT-CLOSED,BOOK_06,
D0-TOTAL-CLOSURE-PROGRAM-001,10.0,55,BALLAST,0,0,0,,,0.0,6.0,4.0,0.0,0.0,,,PYTHON_CERTIFIED,CERT-CLOSED,BOOK_00,
D0-XI-OPERATOR-FAMILY-001,10.0,55,BALLAST,0,0,0,,,0.0,6.0,4.0,0.0,0.0,,,PYTHON_CERTIFIED,CERT-CLOSED,BOOK_02,
D0-SCENE-BARTHOLDI-TYPED-001,10.0,55,BALLAST,0,0,0,,,0.0,6.0,4.0,0.0,0.0,,,PYTHON_CERTIFIED,CERT-CLOSED,BOOK_02,
D0-Q8-HOLOMORPH-MODULE-001,10.0,55,BALLAST,0,0,0,,,0.0,6.0,4.0,0.0,0.0,,,PYTHON_CERTIFIED,CERT-CLOSED,BOOK_04,
D0-ALPHA-SEAM-LOCATION-001,10.0,55,BALLAST,0,0,0,,,0.0,6.0,4.0,0.0,0.0,,,PYTHON_CERTIFIED,CERT-CLOSED,BOOK_02,
D0-ASSUMPTION-LEDGER-GREEN-001,9.3,100,BALLAST,0,1,0,0,True,5.3,0.0,4.0,0.0,0.0,,,LEAN_PROVED,CERT-CLOSED,BOOK_05,D0.Bridge.Assumptions.LindemannLnPhi
D0-GENERIC-SCENE-CALCULUS-001,9.3,100,BALLAST,0,0,0,0,True,0.0,9.3,0.0,0.0,0.0,,,LEAN_PROVED,CORE-FORMALIZED,BOOK_02,D0.Synthesis.GenericSceneCalculus
D0-H0-EVOLVING-W-001,9.3,5,DRIFT,0,1,0,,,5.3,0.0,4.0,0.0,0.0,,,OPEN,PROOF-TARGET,BOOK_08,
D0-VNEXT-FESHBACH-TOWER-COMPATIBILITY-OWNER-001,9.3,5,DRIFT,0,1,0,,,5.3,0.0,4.0,0.0,0.0,,,OPEN,PROOF-TARGET,BOOK_02,
D0-VNEXT2-SCENE-DIRAC-COVARIANCE-OWNER-001,9.3,5,DRIFT,0,1,0,,,5.3,0.0,4.0,0.0,0.0,,,OPEN,PROOF-TARGET,BOOK_02,
D0-M2-PHASE-LABELING-V9-SHELL-001,9.3,5,DRIFT,0,1,0,,,5.3,0.0,4.0,0.0,0.0,,,OPEN,PROOF-TARGET,BOOK_01,
D0-M2-NO-CANONICAL-CYCLIC-LABELING-V9-001,9.3,5,DRIFT,0,1,0,,,5.3,0.0,4.0,0.0,0.0,,,OPEN,PROOF-TARGET,BOOK_01,
D0-WITHINZONE-GAUGE-ORGANIZING-LEMMA-001,9.3,5,DRIFT,0,1,0,,,5.3,0.0,4.0,0.0,0.0,,,OPEN,PROOF-TARGET,BOOK_01,
D0-GALOIS-PHI-IRRATIONAL-001,9.0,100,BALLAST,0,0,1,1,False,0.0,9.0,0.0,0.0,0.0,,,LEAN_PROVED,CORE-FORMALIZED,BOOK_02,D0.Algebra.GaloisPhiNontrivial
D0-FIBONACCI-FUSION-RING-001,9.0,100,BALLAST,0,0,1,1,False,0.0,9.0,0.0,0.0,0.0,,,LEAN_PROVED,CORE-FORMALIZED,BOOK_06,D0.Claims.FibonacciFusionRing
D0-CONTINUUM-INVLIM-001,9.0,100,BALLAST,0,0,2,2,False,0.0,9.0,0.0,0.0,0.0,,,LEAN_PROVED,CORE-FORMALIZED,BOOK_05,D0.Foundation.ContinuumAsInverseLimit
D0-FESHBACH-SCHUR-FACTORIZATION-V15,9.0,100,BALLAST,0,0,0,0,True,0.0,9.0,0.0,0.0,0.0,,,LEAN_PROVED,CORE-FORMALIZED,BOOK_02,D0.Integration.V15.Feshbach
D0-PRESENT-CORE-LIMITS-REGRESSION-V15,9.0,100,BALLAST,0,0,0,0,True,0.0,9.0,0.0,0.0,0.0,,,LEAN_PROVED,CORE-FORMALIZED,BOOK_05,D0.Integration.V15.PhysicalBoundary
D0-CKM-YUKAWA-KERNEL-CROSSGATE-001,9.0,100,BALLAST,0,0,0,0,True,0.0,9.0,0.0,0.0,0.0,,,LEAN_PROVED,CORE-FORMALIZED,BOOK_04,D0.ParallelClosure.CrossGate
D0-STURMIAN-REFINEMENT,6.8,45,DRIFT,0,0,0,0,True,0.0,6.8,0.0,0.0,0.0,,,LEAN_PROVED,PROOF-TARGET,BOOK_06,D0.Integration.V15.Refinement
D0-MATTER-LOCALIZATION-001,5.3,100,BALLAST,0,1,0,0,True,5.3,0.0,0.0,0.0,0.0,,,LEAN_PROVED,CORE-FORMALIZED,BOOK_04,D0.Active.NonzeroMatterSourceNeutrality
D0-PMNS-DELTACP-PI0-001,5.3,5,DRIFT,0,1,0,,,5.3,0.0,0.0,0.0,0.0,,,OPEN,PROOF-TARGET,BOOK_04,
D0-ZONE-TOWER-READING-FORK-001,5.3,5,DRIFT,0,1,0,,,5.3,0.0,0.0,0.0,0.0,,,OPEN,PROOF-TARGET,BOOK_01,
D0-ISOTROPIZATION-MECH-001,4.0,45,DRIFT,0,0,0,0,True,0.0,0.0,4.0,0.0,0.0,,,LEAN_PROVED,PROOF-TARGET,BOOK_01,D0.Foundation.IsotropizationResidual
D0-CVFT-F2,4.0,5,DRIFT,0,0,0,,,0.0,0.0,4.0,0.0,0.0,,,OPEN,PROOF-TARGET,BOOK_07/08,
D0-CVFT-F3,4.0,5,DRIFT,0,0,0,,,0.0,0.0,4.0,0.0,0.0,,,OPEN,CERT-CLOSED,BOOK_04,
D0-DUSTY-PLASMA-001,4.0,5,DRIFT,0,0,0,,,0.0,0.0,4.0,0.0,0.0,,,OPEN,PROOF-TARGET,BOOK_07,
D0-PASSPORT-DESI-BAO-001,4.0,5,DRIFT,0,0,0,,,0.0,0.0,4.0,0.0,0.0,,,OPEN,PROOF-TARGET,BOOK_08,
D0-PASSPORT-ICECUBE-HESE-001,4.0,5,DRIFT,0,0,0,,,0.0,0.0,4.0,0.0,0.0,,,OPEN,PROOF-TARGET,BOOK_04/08,
D0-PASSPORT-LIGO-CATALOG-001,4.0,5,DRIFT,0,0,0,,,0.0,0.0,4.0,0.0,0.0,,,OPEN,PROOF-TARGET,BOOK_07,
D0-PASSPORT-SPARC-001,4.0,5,DRIFT,0,0,0,,,0.0,0.0,4.0,0.0,0.0,,,OPEN,PROOF-TARGET,BOOK_07/08,
D0-VNEXT2-ENDPOINT-CONDITIONAL-EXPECTATION-OWNER-001,4.0,5,DRIFT,0,0,0,,,0.0,0.0,4.0,0.0,0.0,,,OPEN,PROOF-TARGET,BOOK_02,
D0-VNEXT2-SCENE-SPECTRAL-LIFT-OWNER-001,4.0,5,DRIFT,0,0,0,,,0.0,0.0,4.0,0.0,0.0,,,OPEN,PROOF-TARGET,BOOK_02,
D0-VNEXT2-SCENE-FESHBACH-LIFT-OWNER-001,4.0,5,DRIFT,0,0,0,,,0.0,0.0,4.0,0.0,0.0,,,OPEN,PROOF-TARGET,BOOK_02,
D0-ARCHIVE-SCALAR-REDUCTION-001,0.0,100,BALLAST,0,0,0,0,True,0.0,0.0,0.0,0.0,0.0,,,LEAN_PROVED,CORE-FORMALIZED,BOOK_07,D0.Active.ScalarPoissonReduction
D0-FINAL-BRIDGE-INDEX-001,0.0,100,BALLAST,0,0,92,10,False,0.0,0.0,0.0,0.0,0.0,,,LEAN_PROVED,CORE-FORMALIZED,BOOK_08,D0.Bridge.FinalBridgeIndex
D0-CVFT-001B,0.0,5,DRIFT,0,0,0,,,0.0,0.0,0.0,0.0,0.0,,,OPEN,PROOF-TARGET,BOOK_04/06/07/08,
D0-CVFT-F5,0.0,5,DRIFT,0,0,0,,,0.0,0.0,0.0,0.0,0.0,,,OPEN,PROOF-TARGET,BOOK_04/08,
D0-CVFT-F8,0.0,5,DRIFT,0,0,0,,,0.0,0.0,0.0,0.0,0.0,,,OPEN,PROOF-TARGET,BOOK_08,
D0-EDGE-001,0.0,5,DRIFT,0,0,0,,,0.0,0.0,0.0,0.0,0.0,,,OPEN,DEPRECATED,BOOK_04,
D0-PUB-001,0.0,5,DRIFT,0,0,0,,,0.0,0.0,0.0,0.0,0.0,,,OPEN,PROOF-TARGET,PUBLICATION,
D0-PRIM-HIGGS-SSB-SIGN-001,0.0,5,DRIFT,0,0,0,,,0.0,0.0,0.0,0.0,0.0,,,OPEN,PROOF-TARGET,BOOK_04,
D0-PRIM-WINDING-METRIC-001,0.0,5,DRIFT,0,0,0,,,0.0,0.0,0.0,0.0,0.0,,,OPEN,PROOF-TARGET,BOOK_04,
D0-PORT-GOLDEN-SPLIT-BRIDGE-001,0.0,5,DRIFT,0,0,0,,,0.0,0.0,0.0,0.0,0.0,,,OPEN,PROOF-TARGET,BOOK_06,
