a,b,verdict,justification
PRIM-SCENE-HISTORY-REFINEMENT-RULE,PRIM-COMPARISON-MAP-XI-N,independent,"construction dependence only (Xi is built on a refinement tower) - not a derive-edge: two refinement rules give two Xi (witness), and Xi supplies no refinement rule; original 11x11 adjudication upheld"
PRIM-SCENE-HISTORY-REFINEMENT-RULE,PRIM-DIRAC-SCALE-SELECTION,independent,"original 11x11 adjudication (Lean total_extension_primitive_independence; distinct signatures, empty derive-relation)"
PRIM-SCENE-HISTORY-REFINEMENT-RULE,PRIM-PHYSICAL-MAGNITUDE-MAP,independent,"original 11x11 adjudication (Lean total_extension_primitive_independence; distinct signatures, empty derive-relation)"
PRIM-SCENE-HISTORY-REFINEMENT-RULE,PRIM-PHYSICAL-REDSHIFT-OBSERVABLE,independent,"original 11x11 adjudication (Lean total_extension_primitive_independence; distinct signatures, empty derive-relation)"
PRIM-SCENE-HISTORY-REFINEMENT-RULE,PRIM-FORCED-SMOOTHING-WINDOW,independent,"original 11x11 adjudication; refinement covariance is a CONSTRAINT on smoothing, not a derivation (H-does-not-force pattern)"
PRIM-SCENE-HISTORY-REFINEMENT-RULE,PRIM-LEPTON-BRANCH-FIXING-OPERATOR,independent,"original 11x11 adjudication (Lean total_extension_primitive_independence; distinct signatures, empty derive-relation)"
PRIM-SCENE-HISTORY-REFINEMENT-RULE,PRIM-PERRON-PHI3-CARRIER,independent,"original 11x11 adjudication (Lean total_extension_primitive_independence; distinct signatures, empty derive-relation)"
PRIM-SCENE-HISTORY-REFINEMENT-RULE,PRIM-NONCOMMUTING-TRIPLE,independent,"original 11x11 adjudication (Lean total_extension_primitive_independence; distinct signatures, empty derive-relation)"
PRIM-SCENE-HISTORY-REFINEMENT-RULE,PRIM-FINITE-SPECTRAL-TRIPLE-REP,independent,"original 11x11 adjudication (Lean total_extension_primitive_independence; distinct signatures, empty derive-relation)"
PRIM-SCENE-HISTORY-REFINEMENT-RULE,PRIM-BARYON-PHYSICAL-LABEL-TRANSFER,independent,"original 11x11 adjudication (Lean total_extension_primitive_independence; distinct signatures, empty derive-relation)"
PRIM-SCENE-HISTORY-REFINEMENT-RULE,PRIM-BRANCH-ISOTROPIC-READOUT,independent,"distinct carriers (K(9,11,13) history tower (E2 frontier) vs v15 WP-B 3-block branch-coupling commutant) and distinct moduli (admissible refinement functors (all-walks vs non-backtracking) vs marginal-preserving coherence assignments); each is the registered completion gap of a different owner (no-go or obligation row); neither completion datum determines the other"
PRIM-SCENE-HISTORY-REFINEMENT-RULE,PRIM-CANONICAL-SELF-READING-FUNCTOR,derive-edge PRIM-CANONICAL-SELF-READING-FUNCTOR->PRIM-SCENE-HISTORY-REFINEMENT-RULE,[D0-SELF-READING-PRIMITIVE-MINIMALITY-001] conjunction leg E2: forces the scene-history refinement rule
PRIM-SCENE-HISTORY-REFINEMENT-RULE,PRIM-EDGE-HOLONOMY-SELECTOR,independent,"distinct carriers (K(9,11,13) history tower (E2 frontier) vs unified-edge-spine return edge, U(1) lambda-family) and distinct moduli (admissible refinement functors (all-walks vs non-backtracking) vs holonomy PHASE selectors on |lambda|=1); each is the registered completion gap of a different owner (no-go or obligation row); neither completion datum determines the other"
PRIM-SCENE-HISTORY-REFINEMENT-RULE,PRIM-EFT-IR-MATCHING-FUNCTIONAL,independent,"distinct carriers (K(9,11,13) history tower (E2 frontier) vs lepton exponent lattice, Vandermonde {0,1/4,1/3}) and distinct moduli (admissible refinement functors (all-walks vs non-backtracking) vs (r_mu,r_tau) IR-matching functionals); each is the registered completion gap of a different owner (no-go or obligation row); neither completion datum determines the other"
PRIM-SCENE-HISTORY-REFINEMENT-RULE,PRIM-GRADING-NEUTRAL-CURRENT-OPERATOR,independent,"distinct carriers (K(9,11,13) history tower (E2 frontier) vs derived M3 generation block of the R1 commutant (Wedderburn)) and distinct moduli (admissible refinement functors (all-walks vs non-backtracking) vs Z2-grading operators of signature (p,q)); each is the registered completion gap of a different owner (no-go or obligation row); neither completion datum determines the other"
PRIM-SCENE-HISTORY-REFINEMENT-RULE,PRIM-ISOMETRIC-DIRAC-J,independent,"bundle row (vNext NOGO split); partner is NOT among its registered split pieces {XI,DS}: the tower Dirac completion neither supplies nor needs the partner's datum"
PRIM-SCENE-HISTORY-REFINEMENT-RULE,PRIM-PHASON-COORDINATE-FUNCTOR,independent,"distinct carriers (K(9,11,13) history tower (E2 frontier) vs phason archive internal coordinate cocycle z(s) (X5 contract scope)) and distinct moduli (admissible refinement functors (all-walks vs non-backtracking) vs tick cocycles (phi-tick vs integer-tick)); each is the registered completion gap of a different owner (no-go or obligation row); neither completion datum determines the other"
PRIM-SCENE-HISTORY-REFINEMENT-RULE,PRIM-PHASON-PRESSURE-ENERGY-ROLE-ASSIGNMENT,independent,"distinct carriers (K(9,11,13) history tower (E2 frontier) vs L_archive spectrum {24,22,20} vs S_DE window (P1-C)) and distinct moduli (admissible refinement functors (all-walks vs non-backtracking) vs pressure/energy role sections); each is the registered completion gap of a different owner (no-go or obligation row); neither completion datum determines the other"
PRIM-SCENE-HISTORY-REFINEMENT-RULE,PRIM-SEAM-CROSSING-TICK-IDENTIFICATION,independent,"distinct carriers (K(9,11,13) history tower (E2 frontier) vs door-2 seam carrier V11 u {*} + toral tick (02.13.h depth axis)) and distinct moduli (admissible refinement functors (all-walks vs non-backtracking) vs crossing<->tick identifications (alpha,beta,gamma)); PRIM-SCENE-HISTORY-REFINEMENT-RULE is the registered completion gap of its own owner, while SEAM-CROSSING-TICK is the registered RESIDUAL of a core obligation (D0-TRANSPORT-FORK-ENDGAME-001 / D0-SEAM-CROSSING-WEIGHT-001), door-2-conditional - refutation reopens the depth axis, no no-go; neither completion datum determines the other"
PRIM-COMPARISON-MAP-XI-N,PRIM-DIRAC-SCALE-SELECTION,independent,the vNext NOGO itself registers these as the two INDEPENDENT split pieces ('+2 independent primitives'); scale cocycle supplies no comparison map and conversely
PRIM-COMPARISON-MAP-XI-N,PRIM-PHYSICAL-MAGNITUDE-MAP,independent,"original 11x11 adjudication (Lean total_extension_primitive_independence; distinct signatures, empty derive-relation)"
PRIM-COMPARISON-MAP-XI-N,PRIM-PHYSICAL-REDSHIFT-OBSERVABLE,independent,"original 11x11 adjudication (Lean total_extension_primitive_independence; distinct signatures, empty derive-relation)"
PRIM-COMPARISON-MAP-XI-N,PRIM-FORCED-SMOOTHING-WINDOW,independent,"original 11x11 adjudication (Lean total_extension_primitive_independence; distinct signatures, empty derive-relation)"
PRIM-COMPARISON-MAP-XI-N,PRIM-LEPTON-BRANCH-FIXING-OPERATOR,independent,"original 11x11 adjudication (Lean total_extension_primitive_independence; distinct signatures, empty derive-relation)"
PRIM-COMPARISON-MAP-XI-N,PRIM-PERRON-PHI3-CARRIER,independent,"original 11x11 adjudication (Lean total_extension_primitive_independence; distinct signatures, empty derive-relation)"
PRIM-COMPARISON-MAP-XI-N,PRIM-NONCOMMUTING-TRIPLE,independent,"original 11x11 adjudication (Lean total_extension_primitive_independence; distinct signatures, empty derive-relation)"
PRIM-COMPARISON-MAP-XI-N,PRIM-FINITE-SPECTRAL-TRIPLE-REP,independent,"original 11x11 adjudication (Lean total_extension_primitive_independence; distinct signatures, empty derive-relation)"
PRIM-COMPARISON-MAP-XI-N,PRIM-BARYON-PHYSICAL-LABEL-TRANSFER,independent,"original 11x11 adjudication (Lean total_extension_primitive_independence; distinct signatures, empty derive-relation)"
PRIM-COMPARISON-MAP-XI-N,PRIM-BRANCH-ISOTROPIC-READOUT,independent,distinct carriers (vNext refinement-tower endpoints vs v15 WP-B 3-block branch-coupling commutant) and distinct moduli (tripartite-preserving conditional expectations C_n vs marginal-preserving coherence assignments); each is the registered completion gap of a different owner (no-go or obligation row); neither completion datum determines the other
PRIM-COMPARISON-MAP-XI-N,PRIM-CANONICAL-SELF-READING-FUNCTOR,independent,"bundle row (conjunction-of-independent); partner is NOT among its registered constituents {E1,E2,E3-role,E3-cocycle,E4,+transitive GNC}: constituent carriers are disjoint from the partner's carrier, and the partner's datum forces no conjunction leg"
PRIM-COMPARISON-MAP-XI-N,PRIM-EDGE-HOLONOMY-SELECTOR,independent,"distinct carriers (vNext refinement-tower endpoints vs unified-edge-spine return edge, U(1) lambda-family) and distinct moduli (tripartite-preserving conditional expectations C_n vs holonomy PHASE selectors on |lambda|=1); each is the registered completion gap of a different owner (no-go or obligation row); neither completion datum determines the other"
PRIM-COMPARISON-MAP-XI-N,PRIM-EFT-IR-MATCHING-FUNCTIONAL,independent,"distinct carriers (vNext refinement-tower endpoints vs lepton exponent lattice, Vandermonde {0,1/4,1/3}) and distinct moduli (tripartite-preserving conditional expectations C_n vs (r_mu,r_tau) IR-matching functionals); each is the registered completion gap of a different owner (no-go or obligation row); neither completion datum determines the other"
PRIM-COMPARISON-MAP-XI-N,PRIM-GRADING-NEUTRAL-CURRENT-OPERATOR,independent,"distinct carriers (vNext refinement-tower endpoints vs derived M3 generation block of the R1 commutant (Wedderburn)) and distinct moduli (tripartite-preserving conditional expectations C_n vs Z2-grading operators of signature (p,q)); each is the registered completion gap of a different owner (no-go or obligation row); neither completion datum determines the other"
PRIM-COMPARISON-MAP-XI-N,PRIM-ISOMETRIC-DIRAC-J,derive-edge PRIM-ISOMETRIC-DIRAC-J->PRIM-COMPARISON-MAP-XI-N,[D0-VNEXT-ISOMETRIC-DIRAC-TOWER-NOGO-001] vNext split: 'requires ... a canonical comparison map Xi_N (Outcome D)'; the NOGO says the single primitive splits into +2
PRIM-COMPARISON-MAP-XI-N,PRIM-PHASON-COORDINATE-FUNCTOR,independent,distinct carriers (vNext refinement-tower endpoints vs phason archive internal coordinate cocycle z(s) (X5 contract scope)) and distinct moduli (tripartite-preserving conditional expectations C_n vs tick cocycles (phi-tick vs integer-tick)); each is the registered completion gap of a different owner (no-go or obligation row); neither completion datum determines the other
PRIM-COMPARISON-MAP-XI-N,PRIM-PHASON-PRESSURE-ENERGY-ROLE-ASSIGNMENT,independent,"distinct carriers (vNext refinement-tower endpoints vs L_archive spectrum {24,22,20} vs S_DE window (P1-C)) and distinct moduli (tripartite-preserving conditional expectations C_n vs pressure/energy role sections); each is the registered completion gap of a different owner (no-go or obligation row); neither completion datum determines the other"
PRIM-COMPARISON-MAP-XI-N,PRIM-SEAM-CROSSING-TICK-IDENTIFICATION,independent,"distinct carriers (vNext refinement-tower endpoints vs door-2 seam carrier V11 u {*} + toral tick (02.13.h depth axis)) and distinct moduli (tripartite-preserving conditional expectations C_n vs crossing<->tick identifications (alpha,beta,gamma)); PRIM-COMPARISON-MAP-XI-N is the registered completion gap of its own owner, while SEAM-CROSSING-TICK is the registered RESIDUAL of a core obligation (D0-TRANSPORT-FORK-ENDGAME-001 / D0-SEAM-CROSSING-WEIGHT-001), door-2-conditional - refutation reopens the depth axis, no no-go; neither completion datum determines the other"
PRIM-DIRAC-SCALE-SELECTION,PRIM-PHYSICAL-MAGNITUDE-MAP,independent,"original 11x11 adjudication (Lean total_extension_primitive_independence; distinct signatures, empty derive-relation)"
PRIM-DIRAC-SCALE-SELECTION,PRIM-PHYSICAL-REDSHIFT-OBSERVABLE,independent,"original 11x11 adjudication (Lean total_extension_primitive_independence; distinct signatures, empty derive-relation)"
PRIM-DIRAC-SCALE-SELECTION,PRIM-FORCED-SMOOTHING-WINDOW,independent,"original 11x11 adjudication (Lean total_extension_primitive_independence; distinct signatures, empty derive-relation)"
PRIM-DIRAC-SCALE-SELECTION,PRIM-LEPTON-BRANCH-FIXING-OPERATOR,independent,"original 11x11 adjudication (Lean total_extension_primitive_independence; distinct signatures, empty derive-relation)"
PRIM-DIRAC-SCALE-SELECTION,PRIM-PERRON-PHI3-CARRIER,independent,"original 11x11 adjudication (Lean total_extension_primitive_independence; distinct signatures, empty derive-relation)"
PRIM-DIRAC-SCALE-SELECTION,PRIM-NONCOMMUTING-TRIPLE,independent,"original 11x11 adjudication (Lean total_extension_primitive_independence; distinct signatures, empty derive-relation)"
PRIM-DIRAC-SCALE-SELECTION,PRIM-FINITE-SPECTRAL-TRIPLE-REP,independent,"original 11x11 adjudication (Lean total_extension_primitive_independence; distinct signatures, empty derive-relation)"
PRIM-DIRAC-SCALE-SELECTION,PRIM-BARYON-PHYSICAL-LABEL-TRANSFER,independent,"original 11x11 adjudication (Lean total_extension_primitive_independence; distinct signatures, empty derive-relation)"
PRIM-DIRAC-SCALE-SELECTION,PRIM-BRANCH-ISOTROPIC-READOUT,independent,distinct carriers (vNext intrinsic scale cocycles vs v15 WP-B 3-block branch-coupling commutant) and distinct moduli (covariance-compatible scale cocycles (phi-scale vs 2-scale) vs marginal-preserving coherence assignments); each is the registered completion gap of a different owner (no-go or obligation row); neither completion datum determines the other
PRIM-DIRAC-SCALE-SELECTION,PRIM-CANONICAL-SELF-READING-FUNCTOR,independent,"bundle row (conjunction-of-independent); partner is NOT among its registered constituents {E1,E2,E3-role,E3-cocycle,E4,+transitive GNC}: constituent carriers are disjoint from the partner's carrier, and the partner's datum forces no conjunction leg"
PRIM-DIRAC-SCALE-SELECTION,PRIM-EDGE-HOLONOMY-SELECTOR,independent,"distinct carriers (vNext intrinsic scale cocycles vs unified-edge-spine return edge, U(1) lambda-family) and distinct moduli (covariance-compatible scale cocycles (phi-scale vs 2-scale) vs holonomy PHASE selectors on |lambda|=1); each is the registered completion gap of a different owner (no-go or obligation row); neither completion datum determines the other"
PRIM-DIRAC-SCALE-SELECTION,PRIM-EFT-IR-MATCHING-FUNCTIONAL,independent,"distinct carriers (vNext intrinsic scale cocycles vs lepton exponent lattice, Vandermonde {0,1/4,1/3}) and distinct moduli (covariance-compatible scale cocycles (phi-scale vs 2-scale) vs (r_mu,r_tau) IR-matching functionals); each is the registered completion gap of a different owner (no-go or obligation row); neither completion datum determines the other"
PRIM-DIRAC-SCALE-SELECTION,PRIM-GRADING-NEUTRAL-CURRENT-OPERATOR,independent,"distinct carriers (vNext intrinsic scale cocycles vs derived M3 generation block of the R1 commutant (Wedderburn)) and distinct moduli (covariance-compatible scale cocycles (phi-scale vs 2-scale) vs Z2-grading operators of signature (p,q)); each is the registered completion gap of a different owner (no-go or obligation row); neither completion datum determines the other"
PRIM-DIRAC-SCALE-SELECTION,PRIM-ISOMETRIC-DIRAC-J,derive-edge PRIM-ISOMETRIC-DIRAC-J->PRIM-DIRAC-SCALE-SELECTION,[D0-VNEXT-ISOMETRIC-DIRAC-TOWER-NOGO-001] vNext split: 'a Dirac-compatible tower requires ... a forced scale law (Outcome C)'; a Dirac completion carries its scale
PRIM-DIRAC-SCALE-SELECTION,PRIM-PHASON-COORDINATE-FUNCTOR,independent,shared word 'cocycle' + phi-vs-rival-normalization shape checked: vNext intrinsic SCALE cocycle on the refinement tower vs phason archive TICK cocycle - different carriers and owners (vNext joint no-go vs phason_extension_nogo/X5); neither cocycle choice determines the other
PRIM-DIRAC-SCALE-SELECTION,PRIM-PHASON-PRESSURE-ENERGY-ROLE-ASSIGNMENT,independent,"distinct carriers (vNext intrinsic scale cocycles vs L_archive spectrum {24,22,20} vs S_DE window (P1-C)) and distinct moduli (covariance-compatible scale cocycles (phi-scale vs 2-scale) vs pressure/energy role sections); each is the registered completion gap of a different owner (no-go or obligation row); neither completion datum determines the other"
PRIM-DIRAC-SCALE-SELECTION,PRIM-SEAM-CROSSING-TICK-IDENTIFICATION,independent,"distinct carriers (vNext intrinsic scale cocycles vs door-2 seam carrier V11 u {*} + toral tick (02.13.h depth axis)) and distinct moduli (covariance-compatible scale cocycles (phi-scale vs 2-scale) vs crossing<->tick identifications (alpha,beta,gamma)); PRIM-DIRAC-SCALE-SELECTION is the registered completion gap of its own owner, while SEAM-CROSSING-TICK is the registered RESIDUAL of a core obligation (D0-TRANSPORT-FORK-ENDGAME-001 / D0-SEAM-CROSSING-WEIGHT-001), door-2-conditional - refutation reopens the depth axis, no no-go; neither completion datum determines the other"
PRIM-PHYSICAL-MAGNITUDE-MAP,PRIM-PHYSICAL-REDSHIFT-OBSERVABLE,independent,"original 11x11 adjudication: magnitude passport vs redshift passport, distinct external data"
PRIM-PHYSICAL-MAGNITUDE-MAP,PRIM-FORCED-SMOOTHING-WINDOW,independent,"original 11x11 adjudication (Lean total_extension_primitive_independence; distinct signatures, empty derive-relation)"
PRIM-PHYSICAL-MAGNITUDE-MAP,PRIM-LEPTON-BRANCH-FIXING-OPERATOR,independent,"original 11x11 adjudication (Lean total_extension_primitive_independence; distinct signatures, empty derive-relation)"
PRIM-PHYSICAL-MAGNITUDE-MAP,PRIM-PERRON-PHI3-CARRIER,independent,"original 11x11 adjudication (Lean total_extension_primitive_independence; distinct signatures, empty derive-relation)"
PRIM-PHYSICAL-MAGNITUDE-MAP,PRIM-NONCOMMUTING-TRIPLE,independent,"original 11x11 adjudication (Lean total_extension_primitive_independence; distinct signatures, empty derive-relation)"
PRIM-PHYSICAL-MAGNITUDE-MAP,PRIM-FINITE-SPECTRAL-TRIPLE-REP,independent,"original 11x11 adjudication (Lean total_extension_primitive_independence; distinct signatures, empty derive-relation)"
PRIM-PHYSICAL-MAGNITUDE-MAP,PRIM-BARYON-PHYSICAL-LABEL-TRANSFER,independent,"original 11x11 adjudication (Lean total_extension_primitive_independence; distinct signatures, empty derive-relation)"
PRIM-PHYSICAL-MAGNITUDE-MAP,PRIM-BRANCH-ISOTROPIC-READOUT,independent,distinct carriers (external w_DE magnitude passport (lane B) vs v15 WP-B 3-block branch-coupling commutant) and distinct moduli (Galois-sign/positivity-preserving magnitude maps vs marginal-preserving coherence assignments); each is the registered completion gap of a different owner (no-go or obligation row); neither completion datum determines the other
PRIM-PHYSICAL-MAGNITUDE-MAP,PRIM-CANONICAL-SELF-READING-FUNCTOR,independent,"bundle row (conjunction-of-independent); partner is NOT among its registered constituents {E1,E2,E3-role,E3-cocycle,E4,+transitive GNC}: constituent carriers are disjoint from the partner's carrier, and the partner's datum forces no conjunction leg"
PRIM-PHYSICAL-MAGNITUDE-MAP,PRIM-EDGE-HOLONOMY-SELECTOR,independent,"distinct carriers (external w_DE magnitude passport (lane B) vs unified-edge-spine return edge, U(1) lambda-family) and distinct moduli (Galois-sign/positivity-preserving magnitude maps vs holonomy PHASE selectors on |lambda|=1); each is the registered completion gap of a different owner (no-go or obligation row); neither completion datum determines the other"
PRIM-PHYSICAL-MAGNITUDE-MAP,PRIM-EFT-IR-MATCHING-FUNCTIONAL,independent,"distinct carriers (external w_DE magnitude passport (lane B) vs lepton exponent lattice, Vandermonde {0,1/4,1/3}) and distinct moduli (Galois-sign/positivity-preserving magnitude maps vs (r_mu,r_tau) IR-matching functionals); each is the registered completion gap of a different owner (no-go or obligation row); neither completion datum determines the other"
PRIM-PHYSICAL-MAGNITUDE-MAP,PRIM-GRADING-NEUTRAL-CURRENT-OPERATOR,independent,"distinct carriers (external w_DE magnitude passport (lane B) vs derived M3 generation block of the R1 commutant (Wedderburn)) and distinct moduli (Galois-sign/positivity-preserving magnitude maps vs Z2-grading operators of signature (p,q)); each is the registered completion gap of a different owner (no-go or obligation row); neither completion datum determines the other"
PRIM-PHYSICAL-MAGNITUDE-MAP,PRIM-ISOMETRIC-DIRAC-J,independent,"bundle row (vNext NOGO split); partner is NOT among its registered split pieces {XI,DS}: the tower Dirac completion neither supplies nor needs the partner's datum"
PRIM-PHYSICAL-MAGNITUDE-MAP,PRIM-PHASON-COORDINATE-FUNCTOR,independent,magnitude vs coordinate: |w_DE| map vs tick cocycle; the phason no-go keeps 'physical map = external passport' separate from the internal 4-torsor moduli
PRIM-PHYSICAL-MAGNITUDE-MAP,PRIM-PHASON-PRESSURE-ENERGY-ROLE-ASSIGNMENT,independent,"shared constraint words (Galois sign + positivity) but distinct data: |w_DE| magnitude map vs pressure/energy role section; magnitude no-go and P1-C are separate no-gos; a magnitude assigns no roles, a role fixes no magnitude"
PRIM-PHYSICAL-MAGNITUDE-MAP,PRIM-SEAM-CROSSING-TICK-IDENTIFICATION,independent,"distinct carriers (external w_DE magnitude passport (lane B) vs door-2 seam carrier V11 u {*} + toral tick (02.13.h depth axis)) and distinct moduli (Galois-sign/positivity-preserving magnitude maps vs crossing<->tick identifications (alpha,beta,gamma)); PRIM-PHYSICAL-MAGNITUDE-MAP is the registered completion gap of its own owner, while SEAM-CROSSING-TICK is the registered RESIDUAL of a core obligation (D0-TRANSPORT-FORK-ENDGAME-001 / D0-SEAM-CROSSING-WEIGHT-001), door-2-conditional - refutation reopens the depth axis, no no-go; neither completion datum determines the other"
PRIM-PHYSICAL-REDSHIFT-OBSERVABLE,PRIM-FORCED-SMOOTHING-WINDOW,independent,"original 11x11 adjudication (Lean total_extension_primitive_independence; distinct signatures, empty derive-relation)"
PRIM-PHYSICAL-REDSHIFT-OBSERVABLE,PRIM-LEPTON-BRANCH-FIXING-OPERATOR,independent,"original 11x11 adjudication (Lean total_extension_primitive_independence; distinct signatures, empty derive-relation)"
PRIM-PHYSICAL-REDSHIFT-OBSERVABLE,PRIM-PERRON-PHI3-CARRIER,independent,"original 11x11 adjudication (Lean total_extension_primitive_independence; distinct signatures, empty derive-relation)"
PRIM-PHYSICAL-REDSHIFT-OBSERVABLE,PRIM-NONCOMMUTING-TRIPLE,independent,"original 11x11 adjudication (Lean total_extension_primitive_independence; distinct signatures, empty derive-relation)"
PRIM-PHYSICAL-REDSHIFT-OBSERVABLE,PRIM-FINITE-SPECTRAL-TRIPLE-REP,independent,"original 11x11 adjudication (Lean total_extension_primitive_independence; distinct signatures, empty derive-relation)"
PRIM-PHYSICAL-REDSHIFT-OBSERVABLE,PRIM-BARYON-PHYSICAL-LABEL-TRANSFER,independent,"original 11x11 adjudication (Lean total_extension_primitive_independence; distinct signatures, empty derive-relation)"
PRIM-PHYSICAL-REDSHIFT-OBSERVABLE,PRIM-BRANCH-ISOTROPIC-READOUT,independent,distinct carriers (external redshift passport: internal s -> physical z (P2-E) vs v15 WP-B 3-block branch-coupling commutant) and distinct moduli (frozen monotone redshift observables vs marginal-preserving coherence assignments); each is the registered completion gap of a different owner (no-go or obligation row); neither completion datum determines the other
PRIM-PHYSICAL-REDSHIFT-OBSERVABLE,PRIM-CANONICAL-SELF-READING-FUNCTOR,independent,"bundle row (conjunction-of-independent); partner is NOT among its registered constituents {E1,E2,E3-role,E3-cocycle,E4,+transitive GNC}: constituent carriers are disjoint from the partner's carrier, and the partner's datum forces no conjunction leg"
PRIM-PHYSICAL-REDSHIFT-OBSERVABLE,PRIM-EDGE-HOLONOMY-SELECTOR,independent,"distinct carriers (external redshift passport: internal s -> physical z (P2-E) vs unified-edge-spine return edge, U(1) lambda-family) and distinct moduli (frozen monotone redshift observables vs holonomy PHASE selectors on |lambda|=1); each is the registered completion gap of a different owner (no-go or obligation row); neither completion datum determines the other"
PRIM-PHYSICAL-REDSHIFT-OBSERVABLE,PRIM-EFT-IR-MATCHING-FUNCTIONAL,independent,"distinct carriers (external redshift passport: internal s -> physical z (P2-E) vs lepton exponent lattice, Vandermonde {0,1/4,1/3}) and distinct moduli (frozen monotone redshift observables vs (r_mu,r_tau) IR-matching functionals); each is the registered completion gap of a different owner (no-go or obligation row); neither completion datum determines the other"
PRIM-PHYSICAL-REDSHIFT-OBSERVABLE,PRIM-GRADING-NEUTRAL-CURRENT-OPERATOR,independent,"distinct carriers (external redshift passport: internal s -> physical z (P2-E) vs derived M3 generation block of the R1 commutant (Wedderburn)) and distinct moduli (frozen monotone redshift observables vs Z2-grading operators of signature (p,q)); each is the registered completion gap of a different owner (no-go or obligation row); neither completion datum determines the other"
PRIM-PHYSICAL-REDSHIFT-OBSERVABLE,PRIM-ISOMETRIC-DIRAC-J,independent,"bundle row (vNext NOGO split); partner is NOT among its registered split pieces {XI,DS}: the tower Dirac completion neither supplies nor needs the partner's datum"
PRIM-PHYSICAL-REDSHIFT-OBSERVABLE,PRIM-PHASON-COORDINATE-FUNCTOR,independent,"internal-vs-external firewall: PCF is the internal tick cocycle (X5 contract: z(s)=phi^s-1, deletion-minimality phi-tick vs integer-tick); RED is the external passport datum (P2-E: 'no internal coordinate = observed redshift', EXACT-MISSING = external redshift observable). An internal cocycle does not identify itself with observed redshift; a passport does not select the internal normalization freedom (the X5 freedom is registered ON TOP of the passport layer)"
PRIM-PHYSICAL-REDSHIFT-OBSERVABLE,PRIM-PHASON-PRESSURE-ENERGY-ROLE-ASSIGNMENT,independent,role section vs external redshift passport: disjoint moduli (pressure/energy split vs observable identification); P1-C and P2-E are separate registered no-gos
PRIM-PHYSICAL-REDSHIFT-OBSERVABLE,PRIM-SEAM-CROSSING-TICK-IDENTIFICATION,independent,"distinct carriers (external redshift passport: internal s -> physical z (P2-E) vs door-2 seam carrier V11 u {*} + toral tick (02.13.h depth axis)) and distinct moduli (frozen monotone redshift observables vs crossing<->tick identifications (alpha,beta,gamma)); PRIM-PHYSICAL-REDSHIFT-OBSERVABLE is the registered completion gap of its own owner, while SEAM-CROSSING-TICK is the registered RESIDUAL of a core obligation (D0-TRANSPORT-FORK-ENDGAME-001 / D0-SEAM-CROSSING-WEIGHT-001), door-2-conditional - refutation reopens the depth axis, no no-go; neither completion datum determines the other"
PRIM-FORCED-SMOOTHING-WINDOW,PRIM-LEPTON-BRANCH-FIXING-OPERATOR,independent,"original 11x11 adjudication (Lean total_extension_primitive_independence; distinct signatures, empty derive-relation)"
PRIM-FORCED-SMOOTHING-WINDOW,PRIM-PERRON-PHI3-CARRIER,independent,"original 11x11 adjudication (Lean total_extension_primitive_independence; distinct signatures, empty derive-relation)"
PRIM-FORCED-SMOOTHING-WINDOW,PRIM-NONCOMMUTING-TRIPLE,independent,"original 11x11 adjudication (Lean total_extension_primitive_independence; distinct signatures, empty derive-relation)"
PRIM-FORCED-SMOOTHING-WINDOW,PRIM-FINITE-SPECTRAL-TRIPLE-REP,independent,"original 11x11 adjudication (Lean total_extension_primitive_independence; distinct signatures, empty derive-relation)"
PRIM-FORCED-SMOOTHING-WINDOW,PRIM-BARYON-PHYSICAL-LABEL-TRANSFER,independent,"original 11x11 adjudication (Lean total_extension_primitive_independence; distinct signatures, empty derive-relation)"
PRIM-FORCED-SMOOTHING-WINDOW,PRIM-BRANCH-ISOTROPIC-READOUT,independent,"distinct carriers (scene Laplacian heat data on spectrum {20,22,24,33} vs v15 WP-B 3-block branch-coupling commutant) and distinct moduli ((k,u) smoothing/evaluation functionals vs marginal-preserving coherence assignments); each is the registered completion gap of a different owner (no-go or obligation row); neither completion datum determines the other"
PRIM-FORCED-SMOOTHING-WINDOW,PRIM-CANONICAL-SELF-READING-FUNCTOR,independent,"bundle row (conjunction-of-independent); partner is NOT among its registered constituents {E1,E2,E3-role,E3-cocycle,E4,+transitive GNC}: constituent carriers are disjoint from the partner's carrier, and the partner's datum forces no conjunction leg"
PRIM-FORCED-SMOOTHING-WINDOW,PRIM-EDGE-HOLONOMY-SELECTOR,independent,"distinct carriers (scene Laplacian heat data on spectrum {20,22,24,33} vs unified-edge-spine return edge, U(1) lambda-family) and distinct moduli ((k,u) smoothing/evaluation functionals vs holonomy PHASE selectors on |lambda|=1); each is the registered completion gap of a different owner (no-go or obligation row); neither completion datum determines the other"
PRIM-FORCED-SMOOTHING-WINDOW,PRIM-EFT-IR-MATCHING-FUNCTIONAL,independent,"distinct carriers (scene Laplacian heat data on spectrum {20,22,24,33} vs lepton exponent lattice, Vandermonde {0,1/4,1/3}) and distinct moduli ((k,u) smoothing/evaluation functionals vs (r_mu,r_tau) IR-matching functionals); each is the registered completion gap of a different owner (no-go or obligation row); neither completion datum determines the other"
PRIM-FORCED-SMOOTHING-WINDOW,PRIM-GRADING-NEUTRAL-CURRENT-OPERATOR,independent,"distinct carriers (scene Laplacian heat data on spectrum {20,22,24,33} vs derived M3 generation block of the R1 commutant (Wedderburn)) and distinct moduli ((k,u) smoothing/evaluation functionals vs Z2-grading operators of signature (p,q)); each is the registered completion gap of a different owner (no-go or obligation row); neither completion datum determines the other"
PRIM-FORCED-SMOOTHING-WINDOW,PRIM-ISOMETRIC-DIRAC-J,independent,"bundle row (vNext NOGO split); partner is NOT among its registered split pieces {XI,DS}: the tower Dirac completion neither supplies nor needs the partner's datum"
PRIM-FORCED-SMOOTHING-WINDOW,PRIM-PHASON-COORDINATE-FUNCTOR,independent,"shared number family {20,22,24} checked: (k,u) smoothing functional vs tick cocycle; five-primitive witness 'a refinement carrier supplies no archive coordinate' pattern - no common sector, no derivation"
PRIM-FORCED-SMOOTHING-WINDOW,PRIM-PHASON-PRESSURE-ENERGY-ROLE-ASSIGNMENT,independent,"shared NUMBERS {20,22,24} (scene Laplacian spectrum vs L_archive) - carrier-mismatch-by-shared-number checked: smoothing lives on scene heat data incl. 33, the role section on L_archive-vs-S_DE incommensurability (359/160); P1-C says there is no common sector, so neither datum transfers"
PRIM-FORCED-SMOOTHING-WINDOW,PRIM-SEAM-CROSSING-TICK-IDENTIFICATION,independent,"distinct carriers (scene Laplacian heat data on spectrum {20,22,24,33} vs door-2 seam carrier V11 u {*} + toral tick (02.13.h depth axis)) and distinct moduli ((k,u) smoothing/evaluation functionals vs crossing<->tick identifications (alpha,beta,gamma)); PRIM-FORCED-SMOOTHING-WINDOW is the registered completion gap of its own owner, while SEAM-CROSSING-TICK is the registered RESIDUAL of a core obligation (D0-TRANSPORT-FORK-ENDGAME-001 / D0-SEAM-CROSSING-WEIGHT-001), door-2-conditional - refutation reopens the depth axis, no no-go; neither completion datum determines the other"
PRIM-LEPTON-BRANCH-FIXING-OPERATOR,PRIM-PERRON-PHI3-CARRIER,independent,"original 11x11 adjudication (Lean total_extension_primitive_independence; distinct signatures, empty derive-relation)"
PRIM-LEPTON-BRANCH-FIXING-OPERATOR,PRIM-NONCOMMUTING-TRIPLE,independent,"original 11x11 adjudication (Lean total_extension_primitive_independence; distinct signatures, empty derive-relation)"
PRIM-LEPTON-BRANCH-FIXING-OPERATOR,PRIM-FINITE-SPECTRAL-TRIPLE-REP,independent,"original 11x11 adjudication (Lean total_extension_primitive_independence; distinct signatures, empty derive-relation)"
PRIM-LEPTON-BRANCH-FIXING-OPERATOR,PRIM-BARYON-PHYSICAL-LABEL-TRANSFER,independent,"original 11x11 adjudication (Lean total_extension_primitive_independence; distinct signatures, empty derive-relation)"
PRIM-LEPTON-BRANCH-FIXING-OPERATOR,PRIM-BRANCH-ISOTROPIC-READOUT,independent,shared word 'branch' checked: Puiseux branches of the C4xR3 lepton resolvent (7-pt shell torus) vs the v15 WP-B 3-block branch-coupling commutant - disjoint carriers (five-primitive witness pattern 'disjoint carriers; fixing a grading leaves the branch row free' analog); coherence assignment fixes no coefficient section and conversely
PRIM-LEPTON-BRANCH-FIXING-OPERATOR,PRIM-CANONICAL-SELF-READING-FUNCTOR,derive-edge PRIM-CANONICAL-SELF-READING-FUNCTOR->PRIM-LEPTON-BRANCH-FIXING-OPERATOR,[D0-SELF-READING-PRIMITIVE-MINIMALITY-001] conjunction leg E4: forces the lepton branch-fixing operator
PRIM-LEPTON-BRANCH-FIXING-OPERATOR,PRIM-EDGE-HOLONOMY-SELECTOR,independent,"distinct carriers (C4xR3 resolvent Puiseux branches on the 7-pt shell torus (E4 frontier) vs unified-edge-spine return edge, U(1) lambda-family) and distinct moduli (mass-independent coefficient sections vs holonomy PHASE selectors on |lambda|=1); each is the registered completion gap of a different owner (no-go or obligation row); neither completion datum determines the other"
PRIM-LEPTON-BRANCH-FIXING-OPERATOR,PRIM-EFT-IR-MATCHING-FUNCTIONAL,independent,"both lane D lepton: separator = LEP's registered 'mass-independent' necessary condition vs EFT's mass-ratio selection; the Vandermonde det=1/144!=0 keeps (r_mu,r_tau) free after any coefficient section, and a ratio pair selects no section"
PRIM-LEPTON-BRANCH-FIXING-OPERATOR,PRIM-GRADING-NEUTRAL-CURRENT-OPERATOR,independent,"distinct carriers (C4xR3 resolvent Puiseux branches on the 7-pt shell torus (E4 frontier) vs derived M3 generation block of the R1 commutant (Wedderburn)) and distinct moduli (mass-independent coefficient sections vs Z2-grading operators of signature (p,q)); each is the registered completion gap of a different owner (no-go or obligation row); neither completion datum determines the other"
PRIM-LEPTON-BRANCH-FIXING-OPERATOR,PRIM-ISOMETRIC-DIRAC-J,independent,"bundle row (vNext NOGO split); partner is NOT among its registered split pieces {XI,DS}: the tower Dirac completion neither supplies nor needs the partner's datum"
PRIM-LEPTON-BRANCH-FIXING-OPERATOR,PRIM-PHASON-COORDINATE-FUNCTOR,independent,distinct carriers (C4xR3 resolvent Puiseux branches on the 7-pt shell torus (E4 frontier) vs phason archive internal coordinate cocycle z(s) (X5 contract scope)) and distinct moduli (mass-independent coefficient sections vs tick cocycles (phi-tick vs integer-tick)); each is the registered completion gap of a different owner (no-go or obligation row); neither completion datum determines the other
PRIM-LEPTON-BRANCH-FIXING-OPERATOR,PRIM-PHASON-PRESSURE-ENERGY-ROLE-ASSIGNMENT,independent,"distinct carriers (C4xR3 resolvent Puiseux branches on the 7-pt shell torus (E4 frontier) vs L_archive spectrum {24,22,20} vs S_DE window (P1-C)) and distinct moduli (mass-independent coefficient sections vs pressure/energy role sections); each is the registered completion gap of a different owner (no-go or obligation row); neither completion datum determines the other"
PRIM-LEPTON-BRANCH-FIXING-OPERATOR,PRIM-SEAM-CROSSING-TICK-IDENTIFICATION,independent,"distinct carriers (C4xR3 resolvent Puiseux branches on the 7-pt shell torus (E4 frontier) vs door-2 seam carrier V11 u {*} + toral tick (02.13.h depth axis)) and distinct moduli (mass-independent coefficient sections vs crossing<->tick identifications (alpha,beta,gamma)); PRIM-LEPTON-BRANCH-FIXING-OPERATOR is the registered completion gap of its own owner, while SEAM-CROSSING-TICK is the registered RESIDUAL of a core obligation (D0-TRANSPORT-FORK-ENDGAME-001 / D0-SEAM-CROSSING-WEIGHT-001), door-2-conditional - refutation reopens the depth axis, no no-go; neither completion datum determines the other"
PRIM-PERRON-PHI3-CARRIER,PRIM-NONCOMMUTING-TRIPLE,independent,"original 11x11 adjudication (Lean total_extension_primitive_independence; distinct signatures, empty derive-relation)"
PRIM-PERRON-PHI3-CARRIER,PRIM-FINITE-SPECTRAL-TRIPLE-REP,independent,"original 11x11 adjudication (Lean total_extension_primitive_independence; distinct signatures, empty derive-relation)"
PRIM-PERRON-PHI3-CARRIER,PRIM-BARYON-PHYSICAL-LABEL-TRANSFER,independent,"original 11x11 adjudication (Lean total_extension_primitive_independence; distinct signatures, empty derive-relation)"
PRIM-PERRON-PHI3-CARRIER,PRIM-BRANCH-ISOTROPIC-READOUT,independent,distinct carriers (profinite Dixmier/Wodzicki carrier for alpha mu_2 (lane E) vs v15 WP-B 3-block branch-coupling commutant) and distinct moduli (phi^3 Perron carriers vs marginal-preserving coherence assignments); each is the registered completion gap of a different owner (no-go or obligation row); neither completion datum determines the other
PRIM-PERRON-PHI3-CARRIER,PRIM-CANONICAL-SELF-READING-FUNCTOR,independent,"bundle row (conjunction-of-independent); partner is NOT among its registered constituents {E1,E2,E3-role,E3-cocycle,E4,+transitive GNC}: constituent carriers are disjoint from the partner's carrier, and the partner's datum forces no conjunction leg"
PRIM-PERRON-PHI3-CARRIER,PRIM-EDGE-HOLONOMY-SELECTOR,independent,alpha-line adjacency checked: edge-cover phase vs Dixmier carrier - disjoint moduli and owners (D0-EDGE-COVER-FAMILY-001 vs alpha maximality no-go)
PRIM-PERRON-PHI3-CARRIER,PRIM-EFT-IR-MATCHING-FUNCTIONAL,independent,"distinct carriers (profinite Dixmier/Wodzicki carrier for alpha mu_2 (lane E) vs lepton exponent lattice, Vandermonde {0,1/4,1/3}) and distinct moduli (phi^3 Perron carriers vs (r_mu,r_tau) IR-matching functionals); each is the registered completion gap of a different owner (no-go or obligation row); neither completion datum determines the other"
PRIM-PERRON-PHI3-CARRIER,PRIM-GRADING-NEUTRAL-CURRENT-OPERATOR,independent,"distinct carriers (profinite Dixmier/Wodzicki carrier for alpha mu_2 (lane E) vs derived M3 generation block of the R1 commutant (Wedderburn)) and distinct moduli (phi^3 Perron carriers vs Z2-grading operators of signature (p,q)); each is the registered completion gap of a different owner (no-go or obligation row); neither completion datum determines the other"
PRIM-PERRON-PHI3-CARRIER,PRIM-ISOMETRIC-DIRAC-J,independent,"bundle row (vNext NOGO split); partner is NOT among its registered split pieces {XI,DS}: the tower Dirac completion neither supplies nor needs the partner's datum"
PRIM-PERRON-PHI3-CARRIER,PRIM-PHASON-COORDINATE-FUNCTOR,independent,distinct carriers (profinite Dixmier/Wodzicki carrier for alpha mu_2 (lane E) vs phason archive internal coordinate cocycle z(s) (X5 contract scope)) and distinct moduli (phi^3 Perron carriers vs tick cocycles (phi-tick vs integer-tick)); each is the registered completion gap of a different owner (no-go or obligation row); neither completion datum determines the other
PRIM-PERRON-PHI3-CARRIER,PRIM-PHASON-PRESSURE-ENERGY-ROLE-ASSIGNMENT,independent,"distinct carriers (profinite Dixmier/Wodzicki carrier for alpha mu_2 (lane E) vs L_archive spectrum {24,22,20} vs S_DE window (P1-C)) and distinct moduli (phi^3 Perron carriers vs pressure/energy role sections); each is the registered completion gap of a different owner (no-go or obligation row); neither completion datum determines the other"
PRIM-PERRON-PHI3-CARRIER,PRIM-SEAM-CROSSING-TICK-IDENTIFICATION,independent,"both alpha-line lane E: Dixmier mu_2 carrier realization vs door-2 crossing/tick identification - distinct moduli (a carrier with phi^3 Perron eigenvalue vs the (alpha)(beta)(gamma) conjunction); the identification uses no Dixmier structure, the carrier fixes no tick reading"
PRIM-NONCOMMUTING-TRIPLE,PRIM-FINITE-SPECTRAL-TRIPLE-REP,independent,"shared word 'triple' checked (original 11x11 pair): finite rep module on the 33-scene vs frozen Higgs (U,Q0,Pi_H) on the isolated cluster - original adjudication upheld"
PRIM-NONCOMMUTING-TRIPLE,PRIM-BARYON-PHYSICAL-LABEL-TRANSFER,independent,"original 11x11 adjudication (Lean total_extension_primitive_independence; distinct signatures, empty derive-relation)"
PRIM-NONCOMMUTING-TRIPLE,PRIM-BRANCH-ISOTROPIC-READOUT,independent,"distinct carriers (Higgs isolated spectral cluster + Riesz projector (period-44 flow) vs v15 WP-B 3-block branch-coupling commutant) and distinct moduli (frozen noncommuting triples (U,Q0,Pi_H) vs marginal-preserving coherence assignments); each is the registered completion gap of a different owner (no-go or obligation row); neither completion datum determines the other"
PRIM-NONCOMMUTING-TRIPLE,PRIM-CANONICAL-SELF-READING-FUNCTOR,independent,"bundle row (conjunction-of-independent); partner is NOT among its registered constituents {E1,E2,E3-role,E3-cocycle,E4,+transitive GNC}: constituent carriers are disjoint from the partner's carrier, and the partner's datum forces no conjunction leg"
PRIM-NONCOMMUTING-TRIPLE,PRIM-EDGE-HOLONOMY-SELECTOR,independent,"distinct carriers (Higgs isolated spectral cluster + Riesz projector (period-44 flow) vs unified-edge-spine return edge, U(1) lambda-family) and distinct moduli (frozen noncommuting triples (U,Q0,Pi_H) vs holonomy PHASE selectors on |lambda|=1); each is the registered completion gap of a different owner (no-go or obligation row); neither completion datum determines the other"
PRIM-NONCOMMUTING-TRIPLE,PRIM-EFT-IR-MATCHING-FUNCTIONAL,independent,"distinct carriers (Higgs isolated spectral cluster + Riesz projector (period-44 flow) vs lepton exponent lattice, Vandermonde {0,1/4,1/3}) and distinct moduli (frozen noncommuting triples (U,Q0,Pi_H) vs (r_mu,r_tau) IR-matching functionals); each is the registered completion gap of a different owner (no-go or obligation row); neither completion datum determines the other"
PRIM-NONCOMMUTING-TRIPLE,PRIM-GRADING-NEUTRAL-CURRENT-OPERATOR,independent,"distinct carriers (Higgs isolated spectral cluster + Riesz projector (period-44 flow) vs derived M3 generation block of the R1 commutant (Wedderburn)) and distinct moduli (frozen noncommuting triples (U,Q0,Pi_H) vs Z2-grading operators of signature (p,q)); each is the registered completion gap of a different owner (no-go or obligation row); neither completion datum determines the other"
PRIM-NONCOMMUTING-TRIPLE,PRIM-ISOMETRIC-DIRAC-J,independent,"bundle row (vNext NOGO split); partner is NOT among its registered split pieces {XI,DS}: the tower Dirac completion neither supplies nor needs the partner's datum"
PRIM-NONCOMMUTING-TRIPLE,PRIM-PHASON-COORDINATE-FUNCTOR,independent,"distinct carriers (Higgs isolated spectral cluster + Riesz projector (period-44 flow) vs phason archive internal coordinate cocycle z(s) (X5 contract scope)) and distinct moduli (frozen noncommuting triples (U,Q0,Pi_H) vs tick cocycles (phi-tick vs integer-tick)); each is the registered completion gap of a different owner (no-go or obligation row); neither completion datum determines the other"
PRIM-NONCOMMUTING-TRIPLE,PRIM-PHASON-PRESSURE-ENERGY-ROLE-ASSIGNMENT,independent,"distinct carriers (Higgs isolated spectral cluster + Riesz projector (period-44 flow) vs L_archive spectrum {24,22,20} vs S_DE window (P1-C)) and distinct moduli (frozen noncommuting triples (U,Q0,Pi_H) vs pressure/energy role sections); each is the registered completion gap of a different owner (no-go or obligation row); neither completion datum determines the other"
PRIM-NONCOMMUTING-TRIPLE,PRIM-SEAM-CROSSING-TICK-IDENTIFICATION,independent,"distinct carriers (Higgs isolated spectral cluster + Riesz projector (period-44 flow) vs door-2 seam carrier V11 u {*} + toral tick (02.13.h depth axis)) and distinct moduli (frozen noncommuting triples (U,Q0,Pi_H) vs crossing<->tick identifications (alpha,beta,gamma)); PRIM-NONCOMMUTING-TRIPLE is the registered completion gap of its own owner, while SEAM-CROSSING-TICK is the registered RESIDUAL of a core obligation (D0-TRANSPORT-FORK-ENDGAME-001 / D0-SEAM-CROSSING-WEIGHT-001), door-2-conditional - refutation reopens the depth axis, no no-go; neither completion datum determines the other"
PRIM-FINITE-SPECTRAL-TRIPLE-REP,PRIM-BARYON-PHYSICAL-LABEL-TRANSFER,independent,"original 11x11 adjudication (Lean total_extension_primitive_independence; distinct signatures, empty derive-relation)"
PRIM-FINITE-SPECTRAL-TRIPLE-REP,PRIM-BRANCH-ISOTROPIC-READOUT,independent,"distinct carriers (33-scene path/incidence-algebra representation, full (rho,Gamma,J,Q_role) interface (E1 frontier) vs v15 WP-B 3-block branch-coupling commutant) and distinct moduli (anomaly/K0-compatible finite reps vs marginal-preserving coherence assignments); each is the registered completion gap of a different owner (no-go or obligation row); neither completion datum determines the other"
PRIM-FINITE-SPECTRAL-TRIPLE-REP,PRIM-CANONICAL-SELF-READING-FUNCTOR,derive-edge PRIM-CANONICAL-SELF-READING-FUNCTOR->PRIM-FINITE-SPECTRAL-TRIPLE-REP,[D0-SELF-READING-PRIMITIVE-MINIMALITY-001] conjunction leg E1: the would-be single functor forces the finite spectral-triple rep (registry note: 'it is S0 (owned) + 4 semantically-independent primitives')
PRIM-FINITE-SPECTRAL-TRIPLE-REP,PRIM-EDGE-HOLONOMY-SELECTOR,independent,"distinct carriers (33-scene path/incidence-algebra representation, full (rho,Gamma,J,Q_role) interface (E1 frontier) vs unified-edge-spine return edge, U(1) lambda-family) and distinct moduli (anomaly/K0-compatible finite reps vs holonomy PHASE selectors on |lambda|=1); each is the registered completion gap of a different owner (no-go or obligation row); neither completion datum determines the other"
PRIM-FINITE-SPECTRAL-TRIPLE-REP,PRIM-EFT-IR-MATCHING-FUNCTIONAL,independent,"distinct carriers (33-scene path/incidence-algebra representation, full (rho,Gamma,J,Q_role) interface (E1 frontier) vs lepton exponent lattice, Vandermonde {0,1/4,1/3}) and distinct moduli (anomaly/K0-compatible finite reps vs (r_mu,r_tau) IR-matching functionals); each is the registered completion gap of a different owner (no-go or obligation row); neither completion datum determines the other"
PRIM-FINITE-SPECTRAL-TRIPLE-REP,PRIM-GRADING-NEUTRAL-CURRENT-OPERATOR,derive-edge PRIM-FINITE-SPECTRAL-TRIPLE-REP->PRIM-GRADING-NEUTRAL-CURRENT-OPERATOR,"[D0-POSTCORE-REPRESENTATION-EXTENSION-NOGO-001 + D0-GRADING-NEUTRAL-CURRENT-MAXIMALITY-NOGO-001] GRADAXIS component: the E1 completion interface (rho,Gamma,J,Q_role) contains the grading operator whose M3 restriction is exactly this PRIM's datum; converse fails (a grading does not give the rep)"
PRIM-FINITE-SPECTRAL-TRIPLE-REP,PRIM-ISOMETRIC-DIRAC-J,independent,"shared symbol 'J' checked: the finite rep's real structure lives on the 33-scene E1 interface; IDJ's J on the vNext profinite GNS tower; bundle row IDJ has NO registered edge to FST (the vNext split lands on XI/DS, not on E1)"
PRIM-FINITE-SPECTRAL-TRIPLE-REP,PRIM-PHASON-COORDINATE-FUNCTOR,independent,"distinct carriers (33-scene path/incidence-algebra representation, full (rho,Gamma,J,Q_role) interface (E1 frontier) vs phason archive internal coordinate cocycle z(s) (X5 contract scope)) and distinct moduli (anomaly/K0-compatible finite reps vs tick cocycles (phi-tick vs integer-tick)); each is the registered completion gap of a different owner (no-go or obligation row); neither completion datum determines the other"
PRIM-FINITE-SPECTRAL-TRIPLE-REP,PRIM-PHASON-PRESSURE-ENERGY-ROLE-ASSIGNMENT,independent,"distinct carriers (33-scene path/incidence-algebra representation, full (rho,Gamma,J,Q_role) interface (E1 frontier) vs L_archive spectrum {24,22,20} vs S_DE window (P1-C)) and distinct moduli (anomaly/K0-compatible finite reps vs pressure/energy role sections); each is the registered completion gap of a different owner (no-go or obligation row); neither completion datum determines the other"
PRIM-FINITE-SPECTRAL-TRIPLE-REP,PRIM-SEAM-CROSSING-TICK-IDENTIFICATION,independent,"distinct carriers (33-scene path/incidence-algebra representation, full (rho,Gamma,J,Q_role) interface (E1 frontier) vs door-2 seam carrier V11 u {*} + toral tick (02.13.h depth axis)) and distinct moduli (anomaly/K0-compatible finite reps vs crossing<->tick identifications (alpha,beta,gamma)); PRIM-FINITE-SPECTRAL-TRIPLE-REP is the registered completion gap of its own owner, while SEAM-CROSSING-TICK is the registered RESIDUAL of a core obligation (D0-TRANSPORT-FORK-ENDGAME-001 / D0-SEAM-CROSSING-WEIGHT-001), door-2-conditional - refutation reopens the depth axis, no no-go; neither completion datum determines the other"
PRIM-BARYON-PHYSICAL-LABEL-TRANSFER,PRIM-BRANCH-ISOTROPIC-READOUT,independent,readout coherence vs physical labels: distinct moduli on distinct carriers (branch commutant vs 40/56 carriers)
PRIM-BARYON-PHYSICAL-LABEL-TRANSFER,PRIM-CANONICAL-SELF-READING-FUNCTOR,independent,"bundle row (conjunction-of-independent); partner is NOT among its registered constituents {E1,E2,E3-role,E3-cocycle,E4,+transitive GNC}: constituent carriers are disjoint from the partner's carrier, and the partner's datum forces no conjunction leg"
PRIM-BARYON-PHYSICAL-LABEL-TRANSFER,PRIM-EDGE-HOLONOMY-SELECTOR,independent,"distinct carriers (40/56 baryon carriers + compressed poles vs unified-edge-spine return edge, U(1) lambda-family) and distinct moduli (physical label transfers vs holonomy PHASE selectors on |lambda|=1); each is the registered completion gap of a different owner (no-go or obligation row); neither completion datum determines the other"
PRIM-BARYON-PHYSICAL-LABEL-TRANSFER,PRIM-EFT-IR-MATCHING-FUNCTIONAL,independent,"distinct carriers (40/56 baryon carriers + compressed poles vs lepton exponent lattice, Vandermonde {0,1/4,1/3}) and distinct moduli (physical label transfers vs (r_mu,r_tau) IR-matching functionals); each is the registered completion gap of a different owner (no-go or obligation row); neither completion datum determines the other"
PRIM-BARYON-PHYSICAL-LABEL-TRANSFER,PRIM-GRADING-NEUTRAL-CURRENT-OPERATOR,independent,"distinct carriers (40/56 baryon carriers + compressed poles vs derived M3 generation block of the R1 commutant (Wedderburn)) and distinct moduli (physical label transfers vs Z2-grading operators of signature (p,q)); each is the registered completion gap of a different owner (no-go or obligation row); neither completion datum determines the other"
PRIM-BARYON-PHYSICAL-LABEL-TRANSFER,PRIM-ISOMETRIC-DIRAC-J,independent,"bundle row (vNext NOGO split); partner is NOT among its registered split pieces {XI,DS}: the tower Dirac completion neither supplies nor needs the partner's datum"
PRIM-BARYON-PHYSICAL-LABEL-TRANSFER,PRIM-PHASON-COORDINATE-FUNCTOR,independent,distinct carriers (40/56 baryon carriers + compressed poles vs phason archive internal coordinate cocycle z(s) (X5 contract scope)) and distinct moduli (physical label transfers vs tick cocycles (phi-tick vs integer-tick)); each is the registered completion gap of a different owner (no-go or obligation row); neither completion datum determines the other
PRIM-BARYON-PHYSICAL-LABEL-TRANSFER,PRIM-PHASON-PRESSURE-ENERGY-ROLE-ASSIGNMENT,independent,"distinct carriers (40/56 baryon carriers + compressed poles vs L_archive spectrum {24,22,20} vs S_DE window (P1-C)) and distinct moduli (physical label transfers vs pressure/energy role sections); each is the registered completion gap of a different owner (no-go or obligation row); neither completion datum determines the other"
PRIM-BARYON-PHYSICAL-LABEL-TRANSFER,PRIM-SEAM-CROSSING-TICK-IDENTIFICATION,independent,"distinct carriers (40/56 baryon carriers + compressed poles vs door-2 seam carrier V11 u {*} + toral tick (02.13.h depth axis)) and distinct moduli (physical label transfers vs crossing<->tick identifications (alpha,beta,gamma)); PRIM-BARYON-PHYSICAL-LABEL-TRANSFER is the registered completion gap of its own owner, while SEAM-CROSSING-TICK is the registered RESIDUAL of a core obligation (D0-TRANSPORT-FORK-ENDGAME-001 / D0-SEAM-CROSSING-WEIGHT-001), door-2-conditional - refutation reopens the depth axis, no no-go; neither completion datum determines the other"
PRIM-BRANCH-ISOTROPIC-READOUT,PRIM-CANONICAL-SELF-READING-FUNCTOR,independent,"bundle row (conjunction-of-independent); partner is NOT among its registered constituents {E1,E2,E3-role,E3-cocycle,E4,+transitive GNC}: constituent carriers are disjoint from the partner's carrier, and the partner's datum forces no conjunction leg"
PRIM-BRANCH-ISOTROPIC-READOUT,PRIM-EDGE-HOLONOMY-SELECTOR,independent,"distinct carriers (v15 WP-B 3-block branch-coupling commutant vs unified-edge-spine return edge, U(1) lambda-family) and distinct moduli (marginal-preserving coherence assignments vs holonomy PHASE selectors on |lambda|=1); each is the registered completion gap of a different owner (no-go or obligation row); neither completion datum determines the other"
PRIM-BRANCH-ISOTROPIC-READOUT,PRIM-EFT-IR-MATCHING-FUNCTIONAL,independent,"distinct carriers (v15 WP-B 3-block branch-coupling commutant vs lepton exponent lattice, Vandermonde {0,1/4,1/3}) and distinct moduli (marginal-preserving coherence assignments vs (r_mu,r_tau) IR-matching functionals); each is the registered completion gap of a different owner (no-go or obligation row); neither completion datum determines the other"
PRIM-BRANCH-ISOTROPIC-READOUT,PRIM-GRADING-NEUTRAL-CURRENT-OPERATOR,independent,block-structure words checked: WP-B 3-block branch-coupling commutant vs R1 Wedderburn M3 block - different commutants; coherence moduli vs grading involutions
PRIM-BRANCH-ISOTROPIC-READOUT,PRIM-ISOMETRIC-DIRAC-J,independent,"bundle row (vNext NOGO split); partner is NOT among its registered split pieces {XI,DS}: the tower Dirac completion neither supplies nor needs the partner's datum"
PRIM-BRANCH-ISOTROPIC-READOUT,PRIM-PHASON-COORDINATE-FUNCTOR,independent,distinct carriers (v15 WP-B 3-block branch-coupling commutant vs phason archive internal coordinate cocycle z(s) (X5 contract scope)) and distinct moduli (marginal-preserving coherence assignments vs tick cocycles (phi-tick vs integer-tick)); each is the registered completion gap of a different owner (no-go or obligation row); neither completion datum determines the other
PRIM-BRANCH-ISOTROPIC-READOUT,PRIM-PHASON-PRESSURE-ENERGY-ROLE-ASSIGNMENT,independent,"distinct carriers (v15 WP-B 3-block branch-coupling commutant vs L_archive spectrum {24,22,20} vs S_DE window (P1-C)) and distinct moduli (marginal-preserving coherence assignments vs pressure/energy role sections); each is the registered completion gap of a different owner (no-go or obligation row); neither completion datum determines the other"
PRIM-BRANCH-ISOTROPIC-READOUT,PRIM-SEAM-CROSSING-TICK-IDENTIFICATION,independent,"distinct carriers (v15 WP-B 3-block branch-coupling commutant vs door-2 seam carrier V11 u {*} + toral tick (02.13.h depth axis)) and distinct moduli (marginal-preserving coherence assignments vs crossing<->tick identifications (alpha,beta,gamma)); PRIM-BRANCH-ISOTROPIC-READOUT is the registered completion gap of its own owner, while SEAM-CROSSING-TICK is the registered RESIDUAL of a core obligation (D0-TRANSPORT-FORK-ENDGAME-001 / D0-SEAM-CROSSING-WEIGHT-001), door-2-conditional - refutation reopens the depth axis, no no-go; neither completion datum determines the other"
PRIM-CANONICAL-SELF-READING-FUNCTOR,PRIM-EDGE-HOLONOMY-SELECTOR,independent,"bundle row (conjunction-of-independent); partner is NOT among its registered constituents {E1,E2,E3-role,E3-cocycle,E4,+transitive GNC}: constituent carriers are disjoint from the partner's carrier, and the partner's datum forces no conjunction leg"
PRIM-CANONICAL-SELF-READING-FUNCTOR,PRIM-EFT-IR-MATCHING-FUNCTIONAL,independent,"bundle row (conjunction-of-independent); partner is NOT among its registered constituents {E1,E2,E3-role,E3-cocycle,E4,+transitive GNC}: constituent carriers are disjoint from the partner's carrier, and the partner's datum forces no conjunction leg"
PRIM-CANONICAL-SELF-READING-FUNCTOR,PRIM-GRADING-NEUTRAL-CURRENT-OPERATOR,derive-edge PRIM-CANONICAL-SELF-READING-FUNCTOR->PRIM-GRADING-NEUTRAL-CURRENT-OPERATOR,"[D0-SELF-READING-PRIMITIVE-MINIMALITY-001 + D0-POSTCORE-REPRESENTATION-EXTENSION-NOGO-001] transitive: E1 leg supplies the full (rho,Gamma,J,Q_role) interface, whose Gamma restricts to the M3 grading operator"
PRIM-CANONICAL-SELF-READING-FUNCTOR,PRIM-ISOMETRIC-DIRAC-J,independent,"bundle row (conjunction-of-independent); partner is NOT among its registered constituents {E1,E2,E3-role,E3-cocycle,E4,+transitive GNC}: constituent carriers are disjoint from the partner's carrier, and the partner's datum forces no conjunction leg"
PRIM-CANONICAL-SELF-READING-FUNCTOR,PRIM-PHASON-COORDINATE-FUNCTOR,derive-edge PRIM-CANONICAL-SELF-READING-FUNCTOR->PRIM-PHASON-COORDINATE-FUNCTOR,[D0-SELF-READING-PRIMITIVE-MINIMALITY-001] conjunction leg E3 (cocycle factor): forces the phason coordinate functor
PRIM-CANONICAL-SELF-READING-FUNCTOR,PRIM-PHASON-PRESSURE-ENERGY-ROLE-ASSIGNMENT,derive-edge PRIM-CANONICAL-SELF-READING-FUNCTOR->PRIM-PHASON-PRESSURE-ENERGY-ROLE-ASSIGNMENT,[D0-SELF-READING-PRIMITIVE-MINIMALITY-001] conjunction leg E3 (role factor): forces the phason pressure/energy role assignment
PRIM-CANONICAL-SELF-READING-FUNCTOR,PRIM-SEAM-CROSSING-TICK-IDENTIFICATION,independent,"bundle row (conjunction-of-independent); partner is NOT among its registered constituents {E1,E2,E3-role,E3-cocycle,E4,+transitive GNC}: constituent carriers are disjoint from the partner's carrier, and the partner's datum forces no conjunction leg"
PRIM-EDGE-HOLONOMY-SELECTOR,PRIM-EFT-IR-MATCHING-FUNCTIONAL,independent,"distinct carriers (unified-edge-spine return edge, U(1) lambda-family vs lepton exponent lattice, Vandermonde {0,1/4,1/3}) and distinct moduli (holonomy PHASE selectors on |lambda|=1 vs (r_mu,r_tau) IR-matching functionals); each is the registered completion gap of a different owner (no-go or obligation row); neither completion datum determines the other"
PRIM-EDGE-HOLONOMY-SELECTOR,PRIM-GRADING-NEUTRAL-CURRENT-OPERATOR,independent,"distinct carriers (unified-edge-spine return edge, U(1) lambda-family vs derived M3 generation block of the R1 commutant (Wedderburn)) and distinct moduli (holonomy PHASE selectors on |lambda|=1 vs Z2-grading operators of signature (p,q)); each is the registered completion gap of a different owner (no-go or obligation row); neither completion datum determines the other"
PRIM-EDGE-HOLONOMY-SELECTOR,PRIM-ISOMETRIC-DIRAC-J,independent,"bundle row (vNext NOGO split); partner is NOT among its registered split pieces {XI,DS}: the tower Dirac completion neither supplies nor needs the partner's datum"
PRIM-EDGE-HOLONOMY-SELECTOR,PRIM-PHASON-COORDINATE-FUNCTOR,independent,"distinct carriers (unified-edge-spine return edge, U(1) lambda-family vs phason archive internal coordinate cocycle z(s) (X5 contract scope)) and distinct moduli (holonomy PHASE selectors on |lambda|=1 vs tick cocycles (phi-tick vs integer-tick)); each is the registered completion gap of a different owner (no-go or obligation row); neither completion datum determines the other"
PRIM-EDGE-HOLONOMY-SELECTOR,PRIM-PHASON-PRESSURE-ENERGY-ROLE-ASSIGNMENT,independent,"distinct carriers (unified-edge-spine return edge, U(1) lambda-family vs L_archive spectrum {24,22,20} vs S_DE window (P1-C)) and distinct moduli (holonomy PHASE selectors on |lambda|=1 vs pressure/energy role sections); each is the registered completion gap of a different owner (no-go or obligation row); neither completion datum determines the other"
PRIM-EDGE-HOLONOMY-SELECTOR,PRIM-SEAM-CROSSING-TICK-IDENTIFICATION,independent,"shared words edge/seam/alpha checked: U(1) holonomy PHASE on the return edge (injective separator z^3-coeff=-lambda) vs crossing<->tick identification on V11 u {*} - moduli U(1) vs a finite conjunction; a phase choice identifies no crossing with a tick, the identification selects no lambda"
PRIM-EFT-IR-MATCHING-FUNCTIONAL,PRIM-GRADING-NEUTRAL-CURRENT-OPERATOR,independent,"distinct carriers (lepton exponent lattice, Vandermonde {0,1/4,1/3} vs derived M3 generation block of the R1 commutant (Wedderburn)) and distinct moduli ((r_mu,r_tau) IR-matching functionals vs Z2-grading operators of signature (p,q)); each is the registered completion gap of a different owner (no-go or obligation row); neither completion datum determines the other"
PRIM-EFT-IR-MATCHING-FUNCTIONAL,PRIM-ISOMETRIC-DIRAC-J,independent,"bundle row (vNext NOGO split); partner is NOT among its registered split pieces {XI,DS}: the tower Dirac completion neither supplies nor needs the partner's datum"
PRIM-EFT-IR-MATCHING-FUNCTIONAL,PRIM-PHASON-COORDINATE-FUNCTOR,independent,"distinct carriers (lepton exponent lattice, Vandermonde {0,1/4,1/3} vs phason archive internal coordinate cocycle z(s) (X5 contract scope)) and distinct moduli ((r_mu,r_tau) IR-matching functionals vs tick cocycles (phi-tick vs integer-tick)); each is the registered completion gap of a different owner (no-go or obligation row); neither completion datum determines the other"
PRIM-EFT-IR-MATCHING-FUNCTIONAL,PRIM-PHASON-PRESSURE-ENERGY-ROLE-ASSIGNMENT,independent,"distinct carriers (lepton exponent lattice, Vandermonde {0,1/4,1/3} vs L_archive spectrum {24,22,20} vs S_DE window (P1-C)) and distinct moduli ((r_mu,r_tau) IR-matching functionals vs pressure/energy role sections); each is the registered completion gap of a different owner (no-go or obligation row); neither completion datum determines the other"
PRIM-EFT-IR-MATCHING-FUNCTIONAL,PRIM-SEAM-CROSSING-TICK-IDENTIFICATION,independent,"distinct carriers (lepton exponent lattice, Vandermonde {0,1/4,1/3} vs door-2 seam carrier V11 u {*} + toral tick (02.13.h depth axis)) and distinct moduli ((r_mu,r_tau) IR-matching functionals vs crossing<->tick identifications (alpha,beta,gamma)); PRIM-EFT-IR-MATCHING-FUNCTIONAL is the registered completion gap of its own owner, while SEAM-CROSSING-TICK is the registered RESIDUAL of a core obligation (D0-TRANSPORT-FORK-ENDGAME-001 / D0-SEAM-CROSSING-WEIGHT-001), door-2-conditional - refutation reopens the depth axis, no no-go; neither completion datum determines the other"
PRIM-GRADING-NEUTRAL-CURRENT-OPERATOR,PRIM-ISOMETRIC-DIRAC-J,independent,"bundle row (vNext NOGO split); partner is NOT among its registered split pieces {XI,DS}: the tower Dirac completion neither supplies nor needs the partner's datum"
PRIM-GRADING-NEUTRAL-CURRENT-OPERATOR,PRIM-PHASON-COORDINATE-FUNCTOR,independent,"distinct carriers (derived M3 generation block of the R1 commutant (Wedderburn) vs phason archive internal coordinate cocycle z(s) (X5 contract scope)) and distinct moduli (Z2-grading operators of signature (p,q) vs tick cocycles (phi-tick vs integer-tick)); each is the registered completion gap of a different owner (no-go or obligation row); neither completion datum determines the other"
PRIM-GRADING-NEUTRAL-CURRENT-OPERATOR,PRIM-PHASON-PRESSURE-ENERGY-ROLE-ASSIGNMENT,independent,"distinct carriers (derived M3 generation block of the R1 commutant (Wedderburn) vs L_archive spectrum {24,22,20} vs S_DE window (P1-C)) and distinct moduli (Z2-grading operators of signature (p,q) vs pressure/energy role sections); each is the registered completion gap of a different owner (no-go or obligation row); neither completion datum determines the other"
PRIM-GRADING-NEUTRAL-CURRENT-OPERATOR,PRIM-SEAM-CROSSING-TICK-IDENTIFICATION,independent,"distinct carriers (derived M3 generation block of the R1 commutant (Wedderburn) vs door-2 seam carrier V11 u {*} + toral tick (02.13.h depth axis)) and distinct moduli (Z2-grading operators of signature (p,q) vs crossing<->tick identifications (alpha,beta,gamma)); PRIM-GRADING-NEUTRAL-CURRENT-OPERATOR is the registered completion gap of its own owner, while SEAM-CROSSING-TICK is the registered RESIDUAL of a core obligation (D0-TRANSPORT-FORK-ENDGAME-001 / D0-SEAM-CROSSING-WEIGHT-001), door-2-conditional - refutation reopens the depth axis, no no-go; neither completion datum determines the other"
PRIM-ISOMETRIC-DIRAC-J,PRIM-PHASON-COORDINATE-FUNCTOR,independent,"bundle row (vNext NOGO split); partner is NOT among its registered split pieces {XI,DS}: the tower Dirac completion neither supplies nor needs the partner's datum"
PRIM-ISOMETRIC-DIRAC-J,PRIM-PHASON-PRESSURE-ENERGY-ROLE-ASSIGNMENT,independent,"bundle row (vNext NOGO split); partner is NOT among its registered split pieces {XI,DS}: the tower Dirac completion neither supplies nor needs the partner's datum"
PRIM-ISOMETRIC-DIRAC-J,PRIM-SEAM-CROSSING-TICK-IDENTIFICATION,independent,"bundle row (vNext NOGO split); partner is NOT among its registered split pieces {XI,DS}: the tower Dirac completion neither supplies nor needs the partner's datum"
PRIM-PHASON-COORDINATE-FUNCTOR,PRIM-PHASON-PRESSURE-ENERGY-ROLE-ASSIGNMENT,independent,"Lean-owned construction edge P1->P2 (D0.Extensions.FivePrimitiveSemanticDependence: the coordinate functor's construction requires a pressure-energy sector) - explicitly 'no merge, asymmetric dependence, not equivalence'; neither DERIVES the other, both must be independently supplied"
PRIM-PHASON-COORDINATE-FUNCTOR,PRIM-SEAM-CROSSING-TICK-IDENTIFICATION,independent,"shared word 'tick' AND shared golden value checked (X5 tick z(1)=phi-1 vs per-crossing ratio phi^-1): X5 internal ARCHIVE cocycle tick vs door-2 SEAM crossing/toral tick - different carriers (phason archive vs 02.13.h seam depth axis); the value coincidence is guarded by D0-SEAM-CROSSING-WEIGHT-001's own clause (forced_value_is_toral_stable_root is a coincidence-of-values record, not an explanation claim); a tick normalization identifies no crossing, an identification fixes no archive cocycle"
PRIM-PHASON-PRESSURE-ENERGY-ROLE-ASSIGNMENT,PRIM-SEAM-CROSSING-TICK-IDENTIFICATION,independent,"distinct carriers (L_archive spectrum {24,22,20} vs S_DE window (P1-C) vs door-2 seam carrier V11 u {*} + toral tick (02.13.h depth axis)) and distinct moduli (pressure/energy role sections vs crossing<->tick identifications (alpha,beta,gamma)); PRIM-PHASON-PRESSURE-ENERGY-ROLE-ASSIGNMENT is the registered completion gap of its own owner, while SEAM-CROSSING-TICK is the registered RESIDUAL of a core obligation (D0-TRANSPORT-FORK-ENDGAME-001 / D0-SEAM-CROSSING-WEIGHT-001), door-2-conditional - refutation reopens the depth axis, no no-go; neither completion datum determines the other"
